backbone,donor,target,delta_nll,kl,C_forward
Llama-3.2-3B,6,23,0.08056640625,0.09494357649236917,0.17550998274236917
Llama-3.2-3B,1,23,0.083984375,0.09425008296966553,0.17823445796966553
Llama-3.2-3B,10,23,0.0869140625,0.09475590195506811,0.1816699644550681
Llama-3.2-3B,6,22,0.08154296875,0.10063818283379078,0.18218115158379078
Llama-3.2-3B,2,23,0.08642578125,0.09703077841550112,0.18345655966550112
Llama-3.2-3B,1,22,0.08056640625,0.10303812846541405,0.18360453471541405
Llama-3.2-3B,8,23,0.08642578125,0.0977505799382925,0.1841763611882925
Llama-3.2-3B,9,23,0.0888671875,0.09544133301824331,0.1843085205182433
Llama-3.2-3B,3,23,0.08837890625,0.09602785296738148,0.18440675921738148
Llama-3.2-3B,11,23,0.08935546875,0.09522844851016998,0.18458391726016998
Llama-3.2-3B,4,23,0.09033203125,0.09562467318028212,0.18595670443028212
Llama-3.2-3B,7,23,0.09521484375,0.09262603148818016,0.18784087523818016
Llama-3.2-3B,7,22,0.08984375,0.09856386575847864,0.18840761575847864
Llama-3.2-3B,2,22,0.08740234375,0.1021521957591176,0.1895545395091176
Llama-3.2-3B,0,23,0.0947265625,0.09604607801884413,0.19077264051884413
Llama-3.2-3B,10,22,0.08740234375,0.10377662628889084,0.19117897003889084
Llama-3.2-3B,5,23,0.09521484375,0.09863397665321827,0.19384882040321827
Llama-3.2-3B,9,22,0.09228515625,0.10330545902252197,0.19559061527252197
Llama-3.2-3B,4,22,0.09130859375,0.10510003566741943,0.19640862941741943
Llama-3.2-3B,11,22,0.09423828125,0.1057180454954505,0.1999563267454505
Llama-3.2-3B,5,22,0.091796875,0.10855859238654375,0.20035546738654375
Llama-3.2-3B,13,23,0.1005859375,0.10020588058978319,0.2007918180897832
Llama-3.2-3B,3,22,0.09423828125,0.1074961181730032,0.2017343994230032
Llama-3.2-3B,0,22,0.09716796875,0.10514560248702765,0.20231357123702765
Llama-3.2-3B,8,22,0.0947265625,0.10896607302129269,0.2036926355212927
Llama-3.2-3B,12,23,0.10302734375,0.10362552013248205,0.20665286388248205
Llama-3.2-3B,14,23,0.10302734375,0.10438132006675005,0.20740866381675005
Llama-3.2-3B,12,22,0.10400390625,0.11389457248151302,0.21789847873151302
Llama-3.2-3B,15,23,0.1103515625,0.10834009293466806,0.21869165543466806
Llama-3.2-3B,16,23,0.11083984375,0.11567522212862968,0.22651506587862968
Llama-3.2-3B,13,22,0.111328125,0.11719164624810219,0.2285197712481022
Llama-3.2-3B,16,22,0.109375,0.12187645863741636,0.23125145863741636
Llama-3.2-3B,14,22,0.11474609375,0.12457757443189621,0.2393236681818962
Llama-3.2-3B,17,23,0.11962890625,0.12496241088956594,0.24459131713956594
Llama-3.2-3B,24,23,0.1298828125,0.11481040995568037,0.24469322245568037
Llama-3.2-3B,3,9,0.119140625,0.12742313090711832,0.24656375590711832
Llama-3.2-3B,23,22,0.12158203125,0.1260047359392047,0.2475867671892047
Llama-3.2-3B,10,9,0.11767578125,0.13138927798718214,0.24906505923718214
Llama-3.2-3B,17,22,0.11572265625,0.13637011032551527,0.25209276657551527
Llama-3.2-3B,15,22,0.12548828125,0.12666862271726131,0.2521569039672613
Llama-3.2-3B,18,23,0.1240234375,0.13105280604213476,0.25507624354213476
Llama-3.2-3B,21,23,0.125,0.13429539371281862,0.2592953937128186
Llama-3.2-3B,19,23,0.13232421875,0.12735730316489935,0.25968152191489935
Llama-3.2-3B,24,22,0.1279296875,0.1320342719554901,0.2599639594554901
Llama-3.2-3B,7,9,0.12158203125,0.14022443257272243,0.26180646382272243
Llama-3.2-3B,19,22,0.1259765625,0.14012233912944794,0.26609890162944794
Llama-3.2-3B,12,26,0.12548828125,0.142911896109581,0.268400177359581
Llama-3.2-3B,6,9,0.13037109375,0.14207859430462122,0.2724496880546212
Llama-3.2-3B,0,26,0.13134765625,0.14122761692851782,0.2725752731785178
Llama-3.2-3B,10,26,0.13232421875,0.14049845468252897,0.272822673432529
Llama-3.2-3B,11,26,0.134765625,0.13955320976674557,0.27431883476674557
Llama-3.2-3B,4,21,0.13037109375,0.1445988742634654,0.2749699680134654
Llama-3.2-3B,22,23,0.1376953125,0.1374392295256257,0.2751345420256257
Llama-3.2-3B,20,23,0.13916015625,0.1360202208161354,0.2751803770661354
Llama-3.2-3B,11,9,0.126953125,0.1489290203899145,0.2758821453899145
Llama-3.2-3B,7,26,0.13330078125,0.14267156925052404,0.27597235050052404
Llama-3.2-3B,1,26,0.1337890625,0.1439866442233324,0.2777757067233324
Llama-3.2-3B,0,20,0.13330078125,0.14457337744534016,0.27787415869534016
Llama-3.2-3B,4,26,0.1396484375,0.14000931195914745,0.27965774945914745
Llama-3.2-3B,8,26,0.13916015625,0.14120463375002146,0.28036479000002146
Llama-3.2-3B,2,8,0.1240234375,0.1568846283480525,0.2809080658480525
Llama-3.2-3B,0,21,0.1396484375,0.14145464450120926,0.28110308200120926
Llama-3.2-3B,3,26,0.13916015625,0.14256757404655218,0.2817277302965522
Llama-3.2-3B,5,20,0.1357421875,0.1460088100284338,0.2817509975284338
Llama-3.2-3B,2,26,0.13818359375,0.14473845437169075,0.28292204812169075
Llama-3.2-3B,13,26,0.13037109375,0.15343131590634584,0.28380240965634584
Llama-3.2-3B,5,26,0.138671875,0.14604211691766977,0.2847139919176698
Llama-3.2-3B,5,9,0.1328125,0.15268937405198812,0.2855018740519881
Llama-3.2-3B,1,25,0.1591796875,0.12667590007185936,0.28585558757185936
Llama-3.2-3B,10,8,0.1318359375,0.1541319042444229,0.2859678417444229
Llama-3.2-3B,18,22,0.1376953125,0.14850332029163837,0.2861986327916384
Llama-3.2-3B,2,9,0.134765625,0.15145020093768835,0.28621582593768835
Llama-3.2-3B,2,21,0.1396484375,0.14764822460711002,0.28729666210711
Llama-3.2-3B,6,26,0.14306640625,0.14567301608622074,0.28873942233622074
Llama-3.2-3B,3,8,0.12939453125,0.15957052912563086,0.28896506037563086
Llama-3.2-3B,3,20,0.13623046875,0.15440507233142853,0.29063554108142853
Llama-3.2-3B,6,20,0.134765625,0.15628314018249512,0.2910487651824951
Llama-3.2-3B,9,26,0.14453125,0.14695583004504442,0.2914870800450444
Llama-3.2-3B,1,9,0.1396484375,0.15185209922492504,0.29150053672492504
Llama-3.2-3B,13,25,0.1513671875,0.14034490939229727,0.29171209689229727
Llama-3.2-3B,21,22,0.13720703125,0.15453860443085432,0.2917456356808543
Llama-3.2-3B,20,22,0.142578125,0.14948113821446896,0.29205926321446896
Llama-3.2-3B,2,25,0.16650390625,0.12595341447740793,0.29245732072740793
Llama-3.2-3B,25,23,0.125,0.1675562597811222,0.2925562597811222
Llama-3.2-3B,0,25,0.16796875,0.1246454743668437,0.2926142243668437
Llama-3.2-3B,2,24,0.13134765625,0.16142606362700462,0.2927737198770046
Llama-3.2-3B,1,24,0.1298828125,0.16365122236311436,0.29353403486311436
Llama-3.2-3B,1,20,0.138671875,0.15592390298843384,0.29459577798843384
Llama-3.2-3B,10,21,0.1416015625,0.15559830330312252,0.2971998658031225
Llama-3.2-3B,10,25,0.16455078125,0.13272564113140106,0.29727642238140106
Llama-3.2-3B,5,25,0.16650390625,0.13084448222070932,0.2973483884707093
Llama-3.2-3B,2,20,0.14306640625,0.15490246191620827,0.29796886816620827
Llama-3.2-3B,12,9,0.146484375,0.1525742867961526,0.2990586617961526
Llama-3.2-3B,4,20,0.14111328125,0.15859328489750624,0.29970656614750624
Llama-3.2-3B,5,21,0.14892578125,0.15108885802328587,0.30001463927328587
Llama-3.2-3B,8,20,0.142578125,0.1585463248193264,0.3011244498193264
Llama-3.2-3B,3,21,0.14697265625,0.15424807369709015,0.30122072994709015
Llama-3.2-3B,6,21,0.14404296875,0.15819102339446545,0.30223399214446545
Llama-3.2-3B,0,24,0.14208984375,0.16119386814534664,0.30328371189534664
Llama-3.2-3B,4,24,0.14013671875,0.16374246403574944,0.30387918278574944
Llama-3.2-3B,6,25,0.1728515625,0.13104817643761635,0.30389973893761635
Llama-3.2-3B,25,22,0.13037109375,0.17405559960752726,0.30442669335752726
Llama-3.2-3B,9,24,0.13623046875,0.1696479506790638,0.3058784194290638
Llama-3.2-3B,0,9,0.1435546875,0.16309407074004412,0.3066487582400441
Llama-3.2-3B,4,25,0.17529296875,0.1313919210806489,0.3066848898306489
Llama-3.2-3B,1,21,0.150390625,0.15645056031644344,0.30684118531644344
Llama-3.2-3B,8,24,0.13671875,0.1703251712024212,0.3070439212024212
Llama-3.2-3B,8,21,0.15185546875,0.15531758219003677,0.3071730509400368
Llama-3.2-3B,3,25,0.177734375,0.12975963577628136,0.30749401077628136
Llama-3.2-3B,6,24,0.14208984375,0.1659647300839424,0.3080545738339424
Llama-3.2-3B,10,24,0.1376953125,0.17061005160212517,0.30830536410212517
Llama-3.2-3B,5,24,0.142578125,0.16622227244079113,0.30880039744079113
Llama-3.2-3B,4,9,0.14697265625,0.16187535505741835,0.30884801130741835
Llama-3.2-3B,9,21,0.1494140625,0.1597153153270483,0.3091293778270483
Llama-3.2-3B,3,24,0.1435546875,0.16632233560085297,0.30987702310085297
Llama-3.2-3B,7,25,0.17724609375,0.13293061312288046,0.31017670687288046
Llama-3.2-3B,12,8,0.1416015625,0.16893225349485874,0.31053381599485874
Llama-3.2-3B,9,25,0.17626953125,0.1344747431576252,0.3107442744076252
Llama-3.2-3B,9,20,0.14892578125,0.16185952723026276,0.31078530848026276
Llama-3.2-3B,7,21,0.1533203125,0.15770584903657436,0.31102616153657436
Llama-3.2-3B,8,25,0.17822265625,0.13505673501640558,0.3132793912664056
Llama-3.2-3B,11,24,0.142578125,0.17092538438737392,0.3135035093873739
Llama-3.2-3B,7,20,0.15771484375,0.1574134211987257,0.3151282649487257
Llama-3.2-3B,1,8,0.1455078125,0.17171780113130808,0.3172256136313081
Llama-3.2-3B,7,24,0.15087890625,0.1665229517966509,0.3174018580466509
Llama-3.2-3B,2,19,0.1572265625,0.16045050881803036,0.31767707131803036
Llama-3.2-3B,14,25,0.177734375,0.14000781252980232,0.3177421875298023
Llama-3.2-3B,9,19,0.15576171875,0.16216040030121803,0.31792211905121803
Llama-3.2-3B,16,24,0.14501953125,0.17336675338447094,0.31838628463447094
Llama-3.2-3B,13,24,0.14501953125,0.17437362484633923,0.3193931560963392
Llama-3.2-3B,11,25,0.177734375,0.14184237830340862,0.3195767533034086
Llama-3.2-3B,3,11,0.15771484375,0.16209087800234556,0.31980572175234556
Llama-3.2-3B,1,11,0.15283203125,0.16702940128743649,0.3198614325374365
Llama-3.2-3B,2,11,0.1572265625,0.1631409814581275,0.3203675439581275
Llama-3.2-3B,5,11,0.146484375,0.17405504267662764,0.32053941767662764
Llama-3.2-3B,14,26,0.15771484375,0.1631148038432002,0.3208296475932002
Llama-3.2-3B,0,8,0.146484375,0.17448213882744312,0.3209665138274431
Llama-3.2-3B,12,25,0.177734375,0.14336765557527542,0.3211020305752754
Llama-3.2-3B,8,19,0.15673828125,0.1643755231052637,0.3211138043552637
Llama-3.2-3B,6,8,0.14208984375,0.1794236209243536,0.3215134646743536
Llama-3.2-3B,3,19,0.158203125,0.16453050822019577,0.32273363322019577
Llama-3.2-3B,9,8,0.1455078125,0.1781339691951871,0.3236417816951871
Llama-3.2-3B,12,20,0.1572265625,0.1667947880923748,0.3240213505923748
Llama-3.2-3B,5,8,0.150390625,0.1736388774588704,0.3240295024588704
Llama-3.2-3B,15,26,0.15673828125,0.1683360431343317,0.3250743243843317
Llama-3.2-3B,5,17,0.1513671875,0.17500018142163754,0.32636736892163754
Llama-3.2-3B,11,8,0.1474609375,0.17928563430905342,0.3267465718090534
Llama-3.2-3B,22,9,0.1533203125,0.17390690837055445,0.32722722087055445
Llama-3.2-3B,4,19,0.1591796875,0.16823622770607471,0.3274159152060747
Llama-3.2-3B,20,9,0.15625,0.17212210781872272,0.3283721078187227
Llama-3.2-3B,12,24,0.15087890625,0.17812065221369267,0.32899955846369267
Llama-3.2-3B,11,20,0.15966796875,0.16939331963658333,0.32906128838658333
Llama-3.2-3B,7,19,0.1650390625,0.1643291898071766,0.3293682523071766
Llama-3.2-3B,16,20,0.1591796875,0.17023064009845257,0.32941032759845257
Llama-3.2-3B,11,19,0.16650390625,0.1638943199068308,0.3303982261568308
Llama-3.2-3B,3,7,0.15966796875,0.17207207530736923,0.33174004405736923
Llama-3.2-3B,8,7,0.15771484375,0.17403632402420044,0.33175116777420044
Llama-3.2-3B,1,19,0.16552734375,0.16745062544941902,0.332977969199419
Llama-3.2-3B,3,10,0.150390625,0.18297371827065945,0.33336434327065945
Llama-3.2-3B,15,25,0.18701171875,0.14662971906363964,0.33364143781363964
Llama-3.2-3B,12,21,0.166015625,0.1686077117919922,0.3346233367919922
Llama-3.2-3B,6,19,0.1611328125,0.17404265515506268,0.3351754676550627
Llama-3.2-3B,0,17,0.15478515625,0.1807242389768362,0.3355093952268362
Llama-3.2-3B,10,20,0.16455078125,0.17102373577654362,0.3355745170265436
Llama-3.2-3B,15,9,0.1611328125,0.1750761680305004,0.3362089805305004
Llama-3.2-3B,17,25,0.18408203125,0.15244110580533743,0.33652313705533743
Llama-3.2-3B,16,25,0.18505859375,0.15186862275004387,0.33692721650004387
Llama-3.2-3B,17,24,0.15576171875,0.1816679909825325,0.3374297097325325
Llama-3.2-3B,8,17,0.1591796875,0.17830506525933743,0.3374847527593374
Llama-3.2-3B,5,19,0.1669921875,0.17110921256244183,0.3381014000624418
Llama-3.2-3B,16,21,0.1650390625,0.17307764664292336,0.33811670914292336
Llama-3.2-3B,21,9,0.1650390625,0.1733240308240056,0.3383630933240056
Llama-3.2-3B,4,11,0.1640625,0.17433062195777893,0.33839312195777893
Llama-3.2-3B,0,19,0.1650390625,0.17360283434391022,0.3386418968439102
Llama-3.2-3B,26,25,0.16357421875,0.1752441879361868,0.3388184066861868
Llama-3.2-3B,16,9,0.16552734375,0.17607810534536839,0.3416054490953684
Llama-3.2-3B,11,21,0.16845703125,0.17487656511366367,0.3433335963636637
Llama-3.2-3B,6,17,0.1630859375,0.18039733543992043,0.3434832729399204
Llama-3.2-3B,14,24,0.1611328125,0.18270599469542503,0.34383880719542503
Llama-3.2-3B,8,9,0.1689453125,0.17618102673441172,0.3451263392344117
Llama-3.2-3B,7,11,0.16845703125,0.1772229876369238,0.3456800188869238
Llama-3.2-3B,21,20,0.16357421875,0.18263513781130314,0.34620935656130314
Llama-3.2-3B,20,21,0.1728515625,0.1735094403848052,0.3463610028848052
Llama-3.2-3B,16,26,0.16748046875,0.18014572374522686,0.34762619249522686
Llama-3.2-3B,22,21,0.17041015625,0.17773020640015602,0.348140362650156
Llama-3.2-3B,1,17,0.1689453125,0.17927277460694313,0.34821808710694313
Llama-3.2-3B,10,19,0.17626953125,0.17225073836743832,0.3485202696174383
Llama-3.2-3B,24,21,0.17578125,0.17395101487636566,0.34973226487636566
Llama-3.2-3B,13,9,0.1708984375,0.17914851941168308,0.3500469569116831
Llama-3.2-3B,14,9,0.1728515625,0.17825005948543549,0.3511016219854355
Llama-3.2-3B,15,24,0.16650390625,0.18468462117016315,0.35118852742016315
Llama-3.2-3B,25,26,0.14892578125,0.20246787928044796,0.35139366053044796
Llama-3.2-3B,9,7,0.16650390625,0.18555505014955997,0.35205895639956
Llama-3.2-3B,17,9,0.1708984375,0.18167189601808786,0.35257033351808786
Llama-3.2-3B,18,9,0.1796875,0.1747469361871481,0.3544344361871481
Llama-3.2-3B,21,8,0.16796875,0.1893989723175764,0.3573677223175764
Llama-3.2-3B,6,11,0.17626953125,0.18112164922058582,0.3573911804705858
Llama-3.2-3B,4,17,0.16943359375,0.18864829279482365,0.35808188654482365
Llama-3.2-3B,7,17,0.169921875,0.18846101872622967,0.35838289372622967
Llama-3.2-3B,23,24,0.177734375,0.18073314428329468,0.3584675192832947
Llama-3.2-3B,24,25,0.1953125,0.16405618004500866,0.35936868004500866
Llama-3.2-3B,13,21,0.177734375,0.18275186233222485,0.36048623733222485
Llama-3.2-3B,22,17,0.1611328125,0.19937463849782944,0.36050745099782944
Llama-3.2-3B,0,11,0.1796875,0.18224842473864555,0.36193592473864555
Llama-3.2-3B,20,8,0.166015625,0.1961026843637228,0.3621183093637228
Llama-3.2-3B,2,10,0.1689453125,0.19318723119795322,0.3621325436979532
Llama-3.2-3B,22,24,0.17041015625,0.19269908033311367,0.36310923658311367
Llama-3.2-3B,15,20,0.18310546875,0.18026183545589447,0.36336730420589447
Llama-3.2-3B,2,7,0.17431640625,0.18972831964492798,0.364044725894928
Llama-3.2-3B,18,11,0.17724609375,0.18685651570558548,0.3641026094555855
Llama-3.2-3B,12,10,0.16748046875,0.19662620313465595,0.36410667188465595
Llama-3.2-3B,5,10,0.1640625,0.20016329921782017,0.36422579921782017
Llama-3.2-3B,2,17,0.17724609375,0.18722310289740562,0.3644691966474056
Llama-3.2-3B,15,11,0.1806640625,0.1845108838751912,0.3651749463751912
Llama-3.2-3B,18,24,0.17236328125,0.1928834468126297,0.3652467280626297
Llama-3.2-3B,9,17,0.17626953125,0.1895608063787222,0.3658303376287222
Llama-3.2-3B,22,20,0.17236328125,0.19350229389965534,0.36586557514965534
Llama-3.2-3B,13,11,0.18359375,0.18267377838492393,0.36626752838492393
Llama-3.2-3B,5,7,0.17333984375,0.19331957213580608,0.3666594158858061
Llama-3.2-3B,3,17,0.17236328125,0.19439855217933655,0.36676183342933655
Llama-3.2-3B,12,11,0.1884765625,0.1799627374857664,0.3684392999857664
Llama-3.2-3B,14,11,0.18017578125,0.18873154744505882,0.3689073286950588
Llama-3.2-3B,11,10,0.1669921875,0.20234717801213264,0.36933936551213264
Llama-3.2-3B,13,20,0.1865234375,0.18310706689953804,0.36963050439953804
Llama-3.2-3B,7,10,0.16650390625,0.2035564947873354,0.3700604010373354
Llama-3.2-3B,1,10,0.16748046875,0.20455163717269897,0.372032105922699
Llama-3.2-3B,23,25,0.20654296875,0.1663251230493188,0.3728680917993188
Llama-3.2-3B,15,8,0.1787109375,0.194500214420259,0.373211151920259
Llama-3.2-3B,8,18,0.1787109375,0.19454863294959068,0.3732595704495907
Llama-3.2-3B,17,21,0.18115234375,0.19324437156319618,0.3743967153131962
Llama-3.2-3B,14,20,0.18896484375,0.18565832264721394,0.37462316639721394
Llama-3.2-3B,16,11,0.18310546875,0.19201409816741943,0.37511956691741943
Llama-3.2-3B,22,19,0.177734375,0.19752970151603222,0.3752640765160322
Llama-3.2-3B,4,8,0.169921875,0.20535917486995459,0.3752810498699546
Llama-3.2-3B,23,9,0.17578125,0.20064759068191051,0.3764288406819105
Llama-3.2-3B,16,8,0.1787109375,0.1985437572002411,0.3772546947002411
Llama-3.2-3B,17,8,0.1806640625,0.19729172438383102,0.377955786883831
Llama-3.2-3B,0,7,0.171875,0.20713589154183865,0.37901089154183865
Llama-3.2-3B,22,25,0.2080078125,0.1712701041251421,0.3792779166251421
Llama-3.2-3B,6,10,0.17822265625,0.20156238600611687,0.37978504225611687
Llama-3.2-3B,0,10,0.171875,0.2083331160247326,0.3802081160247326
Llama-3.2-3B,16,19,0.18505859375,0.19599095173180103,0.38104954548180103
Llama-3.2-3B,5,4,0.1767578125,0.20547539740800858,0.3822332099080086
Llama-3.2-3B,19,9,0.1787109375,0.20436727441847324,0.38307821191847324
Llama-3.2-3B,21,17,0.17919921875,0.2041034083813429,0.3833026271313429
Llama-3.2-3B,2,18,0.1865234375,0.197482667863369,0.384006105363369
Llama-3.2-3B,23,8,0.18017578125,0.20460846833884716,0.38478424958884716
Llama-3.2-3B,1,18,0.18798828125,0.1971432939171791,0.3851315751671791
Llama-3.2-3B,5,18,0.18994140625,0.19574442133307457,0.38568582758307457
Llama-3.2-3B,25,9,0.166015625,0.22049647383391857,0.38651209883391857
Llama-3.2-3B,1,7,0.18408203125,0.2024880200624466,0.3865700513124466
Llama-3.2-3B,18,8,0.19140625,0.19540388323366642,0.3868101332336664
Llama-3.2-3B,20,11,0.1865234375,0.20055094361305237,0.38707438111305237
Llama-3.2-3B,22,8,0.1826171875,0.20514977537095547,0.38776696287095547
Llama-3.2-3B,21,25,0.2109375,0.1773499809205532,0.3882874809205532
Llama-3.2-3B,8,11,0.19580078125,0.19262034632265568,0.3884211275726557
Llama-3.2-3B,20,24,0.19091796875,0.19769000262022018,0.3886079713702202
Llama-3.2-3B,19,21,0.19091796875,0.19880370423197746,0.38972167298197746
Llama-3.2-3B,17,11,0.19287109375,0.19797031581401825,0.39084140956401825
Llama-3.2-3B,10,7,0.193359375,0.19754308834671974,0.39090246334671974
Llama-3.2-3B,19,24,0.18896484375,0.20194252207875252,0.3909073658287525
Llama-3.2-3B,3,18,0.19091796875,0.20117281563580036,0.39209078438580036
Llama-3.2-3B,23,21,0.1953125,0.1970122791826725,0.3923247791826725
Llama-3.2-3B,22,26,0.19189453125,0.2008934710174799,0.3927880022674799
Llama-3.2-3B,21,24,0.18701171875,0.2061008270829916,0.3931125458329916
Llama-3.2-3B,15,21,0.19677734375,0.1969161406159401,0.3936934843659401
Llama-3.2-3B,3,13,0.1875,0.2063392773270607,0.3938392773270607
Llama-3.2-3B,0,18,0.1875,0.2077520415186882,0.3952520415186882
Llama-3.2-3B,17,20,0.193359375,0.20190115086734295,0.39526052586734295
Llama-3.2-3B,6,4,0.1904296875,0.2051391936838627,0.3955688811838627
Llama-3.2-3B,19,20,0.1904296875,0.20537601970136166,0.39580570720136166
Llama-3.2-3B,18,26,0.1923828125,0.2042734120041132,0.3966562245041132
Llama-3.2-3B,2,13,0.19384765625,0.2029504030942917,0.3967980593442917
Llama-3.2-3B,11,17,0.18359375,0.21370255202054977,0.3972963020205498
Llama-3.2-3B,7,18,0.19384765625,0.20380091667175293,0.39764857292175293
Llama-3.2-3B,13,8,0.19775390625,0.200206208974123,0.397960115224123
Llama-3.2-3B,1,4,0.1875,0.21238259226083755,0.39988259226083755
Llama-3.2-3B,14,21,0.20166015625,0.19857891276478767,0.4002390690147877
Llama-3.2-3B,6,18,0.18896484375,0.2113522421568632,0.4003170859068632
Llama-3.2-3B,17,26,0.1943359375,0.20602346770465374,0.40035940520465374
Llama-3.2-3B,23,26,0.19287109375,0.20794826559722424,0.40081935934722424
Llama-3.2-3B,10,17,0.19482421875,0.20603216625750065,0.40085638500750065
Llama-3.2-3B,23,17,0.189453125,0.21156040579080582,0.4010135307908058
Llama-3.2-3B,14,8,0.20263671875,0.1985772419720888,0.4012139607220888
Llama-3.2-3B,23,20,0.19677734375,0.20496620424091816,0.40174354799091816
Llama-3.2-3B,21,19,0.19287109375,0.20888200588524342,0.4017530996352434
Llama-3.2-3B,18,20,0.2001953125,0.20194875821471214,0.40214407071471214
Llama-3.2-3B,9,11,0.19677734375,0.2063333187252283,0.4031106624752283
Llama-3.2-3B,25,21,0.17919921875,0.2245876044034958,0.4037868231534958
Llama-3.2-3B,23,19,0.203125,0.20089437067508698,0.404019370675087
Llama-3.2-3B,4,18,0.1953125,0.209505382925272,0.404817882925272
Llama-3.2-3B,15,19,0.20654296875,0.19933246076107025,0.40587542951107025
Llama-3.2-3B,20,17,0.2001953125,0.20656942017376423,0.40676473267376423
Llama-3.2-3B,24,9,0.19189453125,0.2156272642314434,0.4075217954814434
Llama-3.2-3B,25,17,0.171875,0.23565804958343506,0.40753304958343506
Llama-3.2-3B,12,7,0.1904296875,0.21742046624422073,0.40785015374422073
Llama-3.2-3B,26,17,0.171875,0.23634044267237186,0.40821544267237186
Llama-3.2-3B,21,11,0.2041015625,0.20420234464108944,0.40830390714108944
Llama-3.2-3B,7,8,0.18701171875,0.22207711823284626,0.40908883698284626
Llama-3.2-3B,8,10,0.1962890625,0.2132308017462492,0.4095198642462492
Llama-3.2-3B,14,19,0.20703125,0.20269587822258472,0.4097271282225847
Llama-3.2-3B,25,24,0.18017578125,0.22996050119400024,0.41013628244400024
Llama-3.2-3B,15,12,0.197265625,0.21358139999210835,0.41084702499210835
Llama-3.2-3B,5,16,0.19677734375,0.21426828391849995,0.41104562766849995
Llama-3.2-3B,18,21,0.20849609375,0.20280649326741695,0.41130258701741695
Llama-3.2-3B,20,19,0.2021484375,0.21006475389003754,0.41221319139003754
Llama-3.2-3B,16,13,0.1943359375,0.21826920099556446,0.41260513849556446
Llama-3.2-3B,20,7,0.19580078125,0.21696419082581997,0.41276497207581997
Llama-3.2-3B,5,13,0.1923828125,0.22065214440226555,0.41303495690226555
Llama-3.2-3B,24,20,0.2021484375,0.2109682559967041,0.4131166934967041
Llama-3.2-3B,7,6,0.1953125,0.21935574151575565,0.41466824151575565
Llama-3.2-3B,13,19,0.2109375,0.2043587863445282,0.4152962863445282
Llama-3.2-3B,3,6,0.20458984375,0.21193414740264416,0.41652399115264416
Llama-3.2-3B,3,12,0.19921875,0.21795776300132275,0.41717651300132275
Llama-3.2-3B,4,10,0.193359375,0.22400879859924316,0.41736817359924316
Llama-3.2-3B,19,17,0.20263671875,0.2148426454514265,0.4174793642014265
Llama-3.2-3B,2,4,0.193359375,0.22417680732905865,0.41753618232905865
Llama-3.2-3B,2,15,0.2060546875,0.2118660006672144,0.4179206881672144
Llama-3.2-3B,16,18,0.20068359375,0.2181006297469139,0.4187842234969139
Llama-3.2-3B,21,26,0.20361328125,0.21533134207129478,0.4189446233212948
Llama-3.2-3B,18,10,0.1962890625,0.22330015525221825,0.41958921775221825
Llama-3.2-3B,11,27,0.19140625,0.22873646765947342,0.4201427176594734
Llama-3.2-3B,0,4,0.193359375,0.228387163951993,0.421746538951993
Llama-3.2-3B,15,10,0.1953125,0.22665159031748772,0.4219640903174877
Llama-3.2-3B,4,13,0.19482421875,0.22733975760638714,0.42216397635638714
Llama-3.2-3B,16,10,0.1962890625,0.226682523265481,0.422971585765481
Llama-3.2-3B,3,16,0.2080078125,0.21501889266073704,0.42302670516073704
Llama-3.2-3B,21,18,0.20556640625,0.21853668615221977,0.4241030924022198
Llama-3.2-3B,1,27,0.18896484375,0.2360671553760767,0.4250319991260767
Llama-3.2-3B,19,11,0.20361328125,0.22149565070867538,0.4251089319586754
Llama-3.2-3B,24,8,0.20556640625,0.21958833374083042,0.4251547399908304
Llama-3.2-3B,8,6,0.2021484375,0.22337145917117596,0.42551989667117596
Llama-3.2-3B,12,19,0.21484375,0.21095292642712593,0.42579667642712593
Llama-3.2-3B,6,27,0.189453125,0.23645594716072083,0.4259090721607208
Llama-3.2-3B,3,15,0.208984375,0.21702302992343903,0.426007404923439
Llama-3.2-3B,25,8,0.18505859375,0.24158431962132454,0.42664291337132454
Llama-3.2-3B,1,15,0.20654296875,0.22010337561368942,0.4266463443636894
Llama-3.2-3B,10,27,0.1923828125,0.2342888657003641,0.4266716782003641
Llama-3.2-3B,19,8,0.20751953125,0.2193754781037569,0.4268950093537569
Llama-3.2-3B,13,17,0.205078125,0.2218588273972273,0.4269369523972273
Llama-3.2-3B,4,7,0.20068359375,0.22627437487244606,0.42695796862244606
Llama-3.2-3B,1,13,0.203125,0.22405045852065086,0.42717545852065086
Llama-3.2-3B,12,27,0.19384765625,0.23333791457116604,0.42718557082116604
Llama-3.2-3B,0,16,0.2060546875,0.2212802693247795,0.4273349568247795
Llama-3.2-3B,5,27,0.19384765625,0.2339689414948225,0.4278165977448225
Llama-3.2-3B,20,13,0.20166015625,0.22621804848313332,0.4278782047331333
Llama-3.2-3B,15,17,0.201171875,0.22750668413937092,0.4286785591393709
Llama-3.2-3B,20,10,0.19775390625,0.23160486854612827,0.4293587747961283
Llama-3.2-3B,18,25,0.23291015625,0.19649536907672882,0.4294055253267288
Llama-3.2-3B,10,11,0.21484375,0.2147627379745245,0.4296064879745245
Llama-3.2-3B,18,13,0.20703125,0.22300050593912601,0.430031755939126
Llama-3.2-3B,21,10,0.197265625,0.23300770670175552,0.4302733317017555
Llama-3.2-3B,6,13,0.2060546875,0.22458025626838207,0.4306349437683821
Llama-3.2-3B,9,13,0.201171875,0.22948377206921577,0.4306556470692158
Llama-3.2-3B,6,16,0.2080078125,0.22286258824169636,0.43087040074169636
Llama-3.2-3B,13,27,0.193359375,0.23827030137181282,0.4316296763718128
Llama-3.2-3B,17,13,0.20947265625,0.22240052744746208,0.4318731836974621
Llama-3.2-3B,2,16,0.2109375,0.22101416625082493,0.43195166625082493
Llama-3.2-3B,22,10,0.1982421875,0.2337467111647129,0.4319888986647129
Llama-3.2-3B,2,6,0.21435546875,0.21805765852332115,0.43241312727332115
Llama-3.2-3B,20,15,0.2119140625,0.22054271399974823,0.43245677649974823
Llama-3.2-3B,19,25,0.240234375,0.19260064512491226,0.43283502012491226
Llama-3.2-3B,8,27,0.197265625,0.2357111182063818,0.4329767432063818
Llama-3.2-3B,4,15,0.20751953125,0.22569948807358742,0.4332190193235874
Llama-3.2-3B,13,10,0.203125,0.23091750033199787,0.43404250033199787
Llama-3.2-3B,5,15,0.208984375,0.22519280761480331,0.4341771826148033
Llama-3.2-3B,14,12,0.21044921875,0.2244105525314808,0.4348597712814808
Llama-3.2-3B,6,15,0.21337890625,0.2217752616852522,0.4351541679352522
Llama-3.2-3B,21,16,0.20849609375,0.22750231996178627,0.43599841371178627
Llama-3.2-3B,6,12,0.212890625,0.2231095191091299,0.4360001441091299
Llama-3.2-3B,17,10,0.20166015625,0.23437192104756832,0.4360320772975683
Llama-3.2-3B,5,12,0.20849609375,0.22770305536687374,0.43619914911687374
Llama-3.2-3B,14,13,0.21484375,0.22139176912605762,0.4362355191260576
Llama-3.2-3B,24,17,0.20751953125,0.2294718660414219,0.4369913972914219
Llama-3.2-3B,22,11,0.21630859375,0.22132990695536137,0.43763850070536137
Llama-3.2-3B,9,18,0.2119140625,0.22611839696764946,0.43803245946764946
Llama-3.2-3B,2,27,0.19775390625,0.24047938734292984,0.43823329359292984
Llama-3.2-3B,9,27,0.19970703125,0.23861045390367508,0.4383174851536751
Llama-3.2-3B,20,26,0.216796875,0.2216658629477024,0.4384627379477024
Llama-3.2-3B,12,17,0.21435546875,0.2247761059552431,0.4391315747052431
Llama-3.2-3B,8,13,0.212890625,0.22638983465731144,0.43928045965731144
Llama-3.2-3B,11,18,0.2109375,0.22975349985063076,0.44069099985063076
Llama-3.2-3B,11,13,0.20556640625,0.23523931577801704,0.44080572202801704
Llama-3.2-3B,7,27,0.19775390625,0.24334917590022087,0.44110308215022087
Llama-3.2-3B,3,27,0.19775390625,0.2434435412287712,0.4411974474787712
Llama-3.2-3B,4,27,0.201171875,0.24079559557139874,0.44196747057139874
Llama-3.2-3B,1,16,0.220703125,0.22130423597991467,0.44200736097991467
Llama-3.2-3B,20,18,0.2177734375,0.22459792345762253,0.44237136095762253
Llama-3.2-3B,20,25,0.24169921875,0.20080420188605785,0.44250342063605785
Llama-3.2-3B,4,16,0.216796875,0.22714127786457539,0.4439381528645754
Llama-3.2-3B,25,20,0.19677734375,0.24965764582157135,0.44643498957157135
Llama-3.2-3B,23,11,0.2197265625,0.22686128318309784,0.44658784568309784
Llama-3.2-3B,10,18,0.2197265625,0.22741572931408882,0.4471422918140888
Llama-3.2-3B,16,12,0.2138671875,0.23340368829667568,0.4472708757966757
Llama-3.2-3B,18,16,0.2197265625,0.22758054360747337,0.4473071061074734
Llama-3.2-3B,20,16,0.216796875,0.23102120868861675,0.44781808368861675
Llama-3.2-3B,14,27,0.20361328125,0.2445752415806055,0.4481885228306055
Llama-3.2-3B,3,4,0.208984375,0.23981929011642933,0.44880366511642933
Llama-3.2-3B,17,19,0.22265625,0.22649886272847652,0.4491551127284765
Llama-3.2-3B,7,16,0.2099609375,0.23986455611884594,0.44982549361884594
Llama-3.2-3B,23,10,0.20703125,0.24305975437164307,0.45009100437164307
Llama-3.2-3B,2,12,0.21826171875,0.23188547417521477,0.45014719292521477
Llama-3.2-3B,25,19,0.20166015625,0.24875394068658352,0.4504140969365835
Llama-3.2-3B,7,13,0.2119140625,0.2385296206921339,0.4504436831921339
Llama-3.2-3B,1,12,0.21875,0.2322130873799324,0.4509630873799324
Llama-3.2-3B,25,11,0.20263671875,0.24842995777726173,0.45106667652726173
Llama-3.2-3B,15,27,0.203125,0.24990319646894932,0.4530281964689493
Llama-3.2-3B,3,5,0.2216796875,0.232539189979434,0.454218877479434
Llama-3.2-3B,3,2,0.2177734375,0.23806206695735455,0.45583550445735455
Llama-3.2-3B,21,7,0.2197265625,0.23631853982806206,0.45604510232806206
Llama-3.2-3B,0,27,0.2060546875,0.2507770489901304,0.4568317364901304
Llama-3.2-3B,8,16,0.22265625,0.2345774732530117,0.4572337232530117
Llama-3.2-3B,19,26,0.23046875,0.22758984565734863,0.45805859565734863
Llama-3.2-3B,2,14,0.23193359375,0.226222712546587,0.458156306296587
Llama-3.2-3B,22,18,0.22802734375,0.2303301841020584,0.4583575278520584
Llama-3.2-3B,7,12,0.220703125,0.23770070634782314,0.45840383134782314
Llama-3.2-3B,20,12,0.21875,0.23986627534031868,0.4586162753403187
Llama-3.2-3B,10,13,0.21875,0.24201218783855438,0.4607621878385544
Llama-3.2-3B,14,10,0.21630859375,0.24468383006751537,0.4609924238175154
Llama-3.2-3B,19,13,0.21875,0.24277006648480892,0.4615200664848089
Llama-3.2-3B,24,19,0.2333984375,0.22883001156151295,0.46222844906151295
Llama-3.2-3B,5,14,0.22412109375,0.2395813688635826,0.4637024626135826
Llama-3.2-3B,9,10,0.21337890625,0.25100805424153805,0.46438696049153805
Llama-3.2-3B,26,22,0.2236328125,0.24084495194256306,0.46447776444256306
Llama-3.2-3B,6,14,0.23046875,0.2340403702110052,0.4645091202110052
Llama-3.2-3B,21,13,0.2236328125,0.24096686020493507,0.4645996727049351
Llama-3.2-3B,3,14,0.228515625,0.23645041324198246,0.46496603824198246
Llama-3.2-3B,22,13,0.2255859375,0.23946729861199856,0.46505323611199856
Llama-3.2-3B,16,14,0.224609375,0.24056411907076836,0.46517349407076836
Llama-3.2-3B,14,17,0.2333984375,0.23243887722492218,0.4658373147249222
Llama-3.2-3B,25,16,0.2080078125,0.25912278704345226,0.46713059954345226
Llama-3.2-3B,15,13,0.228515625,0.24015272222459316,0.46866834722459316
Llama-3.2-3B,21,15,0.2314453125,0.23806002736091614,0.46950533986091614
Llama-3.2-3B,16,17,0.2255859375,0.24458113126456738,0.4701670687645674
Llama-3.2-3B,25,10,0.1982421875,0.27200809866189957,0.47025028616189957
Llama-3.2-3B,16,7,0.2275390625,0.24387739785015583,0.47141646035015583
Llama-3.2-3B,7,15,0.2265625,0.2452028151601553,0.4717653151601553
Llama-3.2-3B,6,7,0.21484375,0.2573205232620239,0.4721642732620239
Llama-3.2-3B,0,15,0.2333984375,0.2397834099829197,0.4731818474829197
Llama-3.2-3B,23,18,0.2353515625,0.2408219762146473,0.4761735387146473
Llama-3.2-3B,16,27,0.21435546875,0.26193045265972614,0.47628592140972614
Llama-3.2-3B,11,7,0.2314453125,0.24497469887137413,0.47642001137137413
Llama-3.2-3B,18,7,0.23046875,0.24716234020888805,0.47763109020888805
Llama-3.2-3B,8,15,0.228515625,0.2498855646699667,0.4784011896699667
Llama-3.2-3B,20,14,0.2314453125,0.24748264253139496,0.47892795503139496
Llama-3.2-3B,14,18,0.23876953125,0.240683289244771,0.479452820494771
Llama-3.2-3B,1,14,0.236328125,0.24326750449836254,0.47959562949836254
Llama-3.2-3B,25,18,0.2158203125,0.26384468376636505,0.47966499626636505
Llama-3.2-3B,18,14,0.2421875,0.23914062604308128,0.4813281260430813
Llama-3.2-3B,19,18,0.2353515625,0.24635609611868858,0.4817076586186886
Llama-3.2-3B,23,7,0.2294921875,0.25234015099704266,0.48183233849704266
Llama-3.2-3B,19,10,0.224609375,0.2576690036803484,0.4822783786803484
Llama-3.2-3B,7,4,0.23046875,0.25382746011018753,0.48429621011018753
Llama-3.2-3B,7,14,0.24267578125,0.24240008182823658,0.4850758630782366
Llama-3.2-3B,18,19,0.240234375,0.24536067061126232,0.4855950456112623
Llama-3.2-3B,4,14,0.2412109375,0.24468488059937954,0.48589581809937954
Llama-3.2-3B,12,4,0.2265625,0.2594410590827465,0.4860035590827465
Llama-3.2-3B,4,12,0.2392578125,0.24866244941949844,0.48792026191949844
Llama-3.2-3B,0,13,0.23828125,0.25009036995470524,0.48837161995470524
Llama-3.2-3B,1,6,0.23828125,0.2501359339803457,0.4884171839803457
Llama-3.2-3B,24,26,0.240234375,0.24905807338654995,0.48929244838654995
Llama-3.2-3B,18,15,0.244140625,0.2453621607273817,0.4895027857273817
Llama-3.2-3B,17,14,0.2373046875,0.2536148149520159,0.4909195024520159
Llama-3.2-3B,13,18,0.2451171875,0.24616222269833088,0.4912794101983309
Llama-3.2-3B,0,6,0.234375,0.2579493187367916,0.4923243187367916
Llama-3.2-3B,23,13,0.23828125,0.2551871445029974,0.4934683945029974
Llama-3.2-3B,1,5,0.23828125,0.25540053471922874,0.49368178471922874
Llama-3.2-3B,8,14,0.248046875,0.24589240178465843,0.49393927678465843
Llama-3.2-3B,2,5,0.2392578125,0.2555719129741192,0.4948297254741192
Llama-3.2-3B,10,6,0.24560546875,0.2498152293264866,0.4954206980764866
Llama-3.2-3B,9,4,0.236328125,0.25954593531787395,0.49587406031787395
Llama-3.2-3B,17,7,0.23828125,0.2579113803803921,0.4961926303803921
Llama-3.2-3B,17,27,0.22216796875,0.27417334355413914,0.49634131230413914
Llama-3.2-3B,4,3,0.2412109375,0.2577451094985008,0.4989560469985008
Llama-3.2-3B,10,12,0.2421875,0.25724167935550213,0.49942917935550213
Llama-3.2-3B,13,12,0.251953125,0.25044479966163635,0.5023979246616364
Llama-3.2-3B,25,13,0.228515625,0.27585820853710175,0.5043738335371017
Llama-3.2-3B,21,4,0.240234375,0.26427922397851944,0.5045135989785194
Llama-3.2-3B,11,15,0.2421875,0.26255627907812595,0.504743779078126
Llama-3.2-3B,15,18,0.25,0.25485747307538986,0.5048574730753899
Llama-3.2-3B,24,18,0.2509765625,0.25388200022280216,0.5048585627228022
Llama-3.2-3B,0,12,0.248046875,0.25684821605682373,0.5048950910568237
Llama-3.2-3B,22,16,0.2392578125,0.2663796376436949,0.5056374501436949
Llama-3.2-3B,22,15,0.2412109375,0.2658657766878605,0.5070767141878605
Llama-3.2-3B,11,14,0.24560546875,0.26147705875337124,0.5070825275033712
Llama-3.2-3B,24,10,0.2373046875,0.2699461430311203,0.5072508305311203
Llama-3.2-3B,18,12,0.25,0.25787211023271084,0.5078721102327108
Llama-3.2-3B,21,12,0.2470703125,0.26090362668037415,0.5079739391803741
Llama-3.2-3B,9,16,0.24609375,0.26189447194337845,0.5079882219433784
Llama-3.2-3B,12,18,0.2490234375,0.2590695973485708,0.5080930348485708
Llama-3.2-3B,9,6,0.2509765625,0.2573710475116968,0.5083476100116968
Llama-3.2-3B,23,16,0.2470703125,0.2622630335390568,0.5093333460390568
Llama-3.2-3B,14,16,0.255859375,0.2540558073669672,0.5099151823669672
Llama-3.2-3B,19,16,0.251953125,0.2582819666713476,0.5102350916713476
Llama-3.2-3B,25,15,0.2333984375,0.2788136415183544,0.5122120790183544
Llama-3.2-3B,12,6,0.248046875,0.2655975390225649,0.5136444140225649
Llama-3.2-3B,26,18,0.2275390625,0.28611763566732407,0.5136566981673241
Llama-3.2-3B,6,5,0.251953125,0.26393431797623634,0.5158874429762363
Llama-3.2-3B,19,14,0.255859375,0.26004348136484623,0.5159028563648462
Llama-3.2-3B,7,5,0.2412109375,0.27482825703918934,0.5160391945391893
Llama-3.2-3B,11,16,0.24609375,0.2704432141035795,0.5165369641035795
Llama-3.2-3B,11,12,0.25146484375,0.26507829688489437,0.5165431406348944
Llama-3.2-3B,12,15,0.259765625,0.25752476043999195,0.517290385439992
Llama-3.2-3B,23,27,0.23291015625,0.2852583434432745,0.5181684996932745
Llama-3.2-3B,24,16,0.24365234375,0.27457113564014435,0.5182234793901443
Llama-3.2-3B,25,7,0.22998046875,0.2892906591296196,0.5192711278796196
Llama-3.2-3B,18,17,0.25,0.26936970837414265,0.5193697083741426
Llama-3.2-3B,18,4,0.2470703125,0.27245905064046383,0.5195293631404638
Llama-3.2-3B,22,14,0.259765625,0.2598422132432461,0.5196078382432461
Llama-3.2-3B,10,16,0.2568359375,0.26375018060207367,0.5205861181020737
Llama-3.2-3B,22,7,0.2568359375,0.2651479560881853,0.5219838935881853
Llama-3.2-3B,10,14,0.2568359375,0.26697171851992607,0.5238076560199261
Llama-3.2-3B,17,15,0.251953125,0.2736279256641865,0.5255810506641865
Llama-3.2-3B,15,7,0.255859375,0.2704000659286976,0.5262594409286976
Llama-3.2-3B,23,15,0.248046875,0.2788372617214918,0.5268841367214918
Llama-3.2-3B,15,14,0.2548828125,0.27358537167310715,0.5284681841731071
Llama-3.2-3B,26,9,0.23291015625,0.29577430337667465,0.5286844596266747
Llama-3.2-3B,24,11,0.265625,0.2632208541035652,0.5288458541035652
Llama-3.2-3B,19,15,0.2705078125,0.2594720870256424,0.5299798995256424
Llama-3.2-3B,1,3,0.2578125,0.27285590022802353,0.5306684002280235
Llama-3.2-3B,20,4,0.2587890625,0.2727583535015583,0.5315474160015583
Llama-3.2-3B,10,15,0.26171875,0.27084975130856037,0.5325685013085604
Llama-3.2-3B,0,5,0.25927734375,0.27386035583913326,0.5331376995891333
Llama-3.2-3B,16,15,0.25390625,0.27966812439262867,0.5335743743926287
Llama-3.2-3B,13,14,0.267578125,0.26733717881143093,0.5349153038114309
Llama-3.2-3B,16,4,0.2568359375,0.27856392227113247,0.5353998597711325
Llama-3.2-3B,17,12,0.2626953125,0.2735315393656492,0.5362268518656492
Llama-3.2-3B,10,4,0.259765625,0.27696177177131176,0.5367273967713118
Llama-3.2-3B,21,14,0.2666015625,0.27138650231063366,0.5379880648106337
Llama-3.2-3B,15,4,0.2587890625,0.28019957803189754,0.5389886405318975
Llama-3.2-3B,20,6,0.263671875,0.2755093276500702,0.5391812026500702
Llama-3.2-3B,8,12,0.265625,0.274579418823123,0.540204418823123
Llama-3.2-3B,13,4,0.263671875,0.277712257578969,0.541384132578969
Llama-3.2-3B,13,15,0.2646484375,0.27683602273464203,0.541484460234642
Llama-3.2-3B,23,14,0.2734375,0.26881376653909683,0.5422512665390968
Llama-3.2-3B,21,27,0.24853515625,0.29378143325448036,0.5423165895044804
Llama-3.2-3B,0,14,0.2744140625,0.26853679306805134,0.5429508555680513
Llama-3.2-3B,13,16,0.2646484375,0.2787548117339611,0.5434032492339611
Llama-3.2-3B,12,16,0.2783203125,0.26510257460176945,0.5434228871017694
Llama-3.2-3B,9,15,0.2666015625,0.27759511955082417,0.5441966820508242
Llama-3.2-3B,0,3,0.267578125,0.2776695117354393,0.5452476367354393
Llama-3.2-3B,26,19,0.251953125,0.29380958899855614,0.5457627139985561
Llama-3.2-3B,26,8,0.23779296875,0.3086110129952431,0.5464039817452431
Llama-3.2-3B,14,15,0.267578125,0.27994609251618385,0.5475242175161839
Llama-3.2-3B,9,14,0.2705078125,0.27842179127037525,0.5489296037703753
Llama-3.2-3B,24,7,0.2724609375,0.2809437923133373,0.5534047298133373
Llama-3.2-3B,12,14,0.2841796875,0.2699200864881277,0.5540997739881277
Llama-3.2-3B,4,6,0.263671875,0.29104357212781906,0.5547154471278191
Llama-3.2-3B,18,27,0.2568359375,0.2987952418625355,0.5556311793625355
Llama-3.2-3B,14,4,0.2705078125,0.2868677917867899,0.5573756042867899
Llama-3.2-3B,26,16,0.25,0.3074631281197071,0.5574631281197071
Llama-3.2-3B,22,27,0.255859375,0.30377140268683434,0.5596307776868343
Llama-3.2-3B,22,4,0.2734375,0.28737998753786087,0.5608174875378609
Llama-3.2-3B,19,7,0.2734375,0.2883319426327944,0.5617694426327944
Llama-3.2-3B,8,4,0.2734375,0.29131727665662766,0.5647547766566277
Llama-3.2-3B,5,3,0.27734375,0.2874815370887518,0.5648252870887518
Llama-3.2-3B,9,12,0.271484375,0.295822337269783,0.567306712269783
Llama-3.2-3B,11,6,0.28125,0.2863664384931326,0.5676164384931326
Llama-3.2-3B,20,27,0.26513671875,0.30274686962366104,0.567883588373661
Llama-3.2-3B,25,14,0.267578125,0.3014638349413872,0.5690419599413872
Llama-3.2-3B,15,16,0.2744140625,0.2953514866530895,0.5697655491530895
Llama-3.2-3B,19,27,0.26806640625,0.30203500017523766,0.5701014064252377
Llama-3.2-3B,17,18,0.2783203125,0.2919694520533085,0.5702897645533085
Llama-3.2-3B,18,6,0.2822265625,0.28808637894690037,0.5703129414469004
Llama-3.2-3B,21,6,0.27734375,0.2938896231353283,0.5712333731353283
Llama-3.2-3B,2,3,0.271484375,0.30150925926864147,0.5729936342686415
Llama-3.2-3B,12,5,0.2705078125,0.30319900810718536,0.5737068206071854
Llama-3.2-3B,14,7,0.2861328125,0.2885566782206297,0.5746894907206297
Llama-3.2-3B,13,7,0.28125,0.2966425847262144,0.5778925847262144
Llama-3.2-3B,21,5,0.2744140625,0.3044715393334627,0.5788856018334627
Llama-3.2-3B,17,4,0.2880859375,0.291323721408844,0.579409658908844
Llama-3.2-3B,11,4,0.2802734375,0.30029747635126114,0.5805709138512611
Llama-3.2-3B,20,5,0.2763671875,0.30437848530709743,0.5807456728070974
Llama-3.2-3B,19,4,0.28125,0.299677362665534,0.580927362665534
Llama-3.2-3B,23,4,0.2900390625,0.2938576675951481,0.5838967300951481
Llama-3.2-3B,15,6,0.2822265625,0.3035933095961809,0.5858198720961809
Llama-3.2-3B,24,13,0.2861328125,0.29986007139086723,0.5859928838908672
Llama-3.2-3B,22,12,0.2939453125,0.2953790482133627,0.5893243607133627
Llama-3.2-3B,24,15,0.287109375,0.30234273336827755,0.5894521083682775
Llama-3.2-3B,27,9,0.26611328125,0.3241591975092888,0.5902724787592888
Llama-3.2-3B,26,23,0.2998046875,0.29209112003445625,0.5918958075344563
Llama-3.2-3B,16,6,0.291015625,0.3019798956811428,0.5929955206811428
Llama-3.2-3B,25,12,0.2734375,0.3214998319745064,0.5949373319745064
Llama-3.2-3B,26,21,0.29296875,0.3030727840960026,0.5960415340960026
Llama-3.2-3B,0,2,0.30078125,0.29899408482015133,0.5997753348201513
Llama-3.2-3B,17,6,0.2998046875,0.30211624689400196,0.601920934394002
Llama-3.2-3B,22,6,0.296875,0.30649781227111816,0.6033728122711182
Llama-3.2-3B,12,13,0.30078125,0.3045205678790808,0.6053018178790808
Llama-3.2-3B,27,8,0.265625,0.3448934070765972,0.6105184070765972
Llama-3.2-3B,24,14,0.318359375,0.2930128499865532,0.6113722249865532
Llama-3.2-3B,17,5,0.298828125,0.31390539929270744,0.6127335242927074
Llama-3.2-3B,8,5,0.296875,0.3175256550312042,0.6144006550312042
Llama-3.2-3B,4,2,0.3095703125,0.3115824032574892,0.6211527157574892
Llama-3.2-3B,18,5,0.3056640625,0.31847915053367615,0.6241432130336761
Llama-3.2-3B,26,15,0.2880859375,0.3379394896328449,0.6260254271328449
Llama-3.2-3B,5,6,0.30859375,0.31851137802004814,0.6271051280200481
Llama-3.2-3B,11,5,0.30859375,0.31906480342149734,0.6276585534214973
Llama-3.2-3B,10,5,0.3076171875,0.32084115594625473,0.6284583434462547
Llama-3.2-3B,9,5,0.3037109375,0.3269777484238148,0.6306886859238148
Llama-3.2-3B,19,12,0.3056640625,0.32507606968283653,0.6307401321828365
Llama-3.2-3B,13,6,0.31640625,0.31550972163677216,0.6319159716367722
Llama-3.2-3B,24,6,0.3134765625,0.31978194788098335,0.6332585103809834
Llama-3.2-3B,14,6,0.3154296875,0.32230887934565544,0.6377385668456554
Llama-3.2-3B,16,5,0.3125,0.3256785571575165,0.6381785571575165
Llama-3.2-3B,23,6,0.31640625,0.32226479798555374,0.6386710479855537
Llama-3.2-3B,23,12,0.30859375,0.3301958627998829,0.6387896127998829
Llama-3.2-3B,27,11,0.2919921875,0.3482099436223507,0.6402021311223507
Llama-3.2-3B,27,7,0.2890625,0.35291936062276363,0.6419818606227636
Llama-3.2-3B,17,16,0.31640625,0.3257292788475752,0.6421355288475752
Llama-3.2-3B,26,11,0.296875,0.3473556861281395,0.6442306861281395
Llama-3.2-3B,23,5,0.3203125,0.3239549323916435,0.6442674323916435
Llama-3.2-3B,15,5,0.3154296875,0.3298940807580948,0.6453237682580948
Llama-3.2-3B,25,27,0.302734375,0.3475343622267246,0.6502687372267246
Llama-3.2-3B,24,12,0.3212890625,0.3298639617860317,0.6511530242860317
Llama-3.2-3B,26,20,0.310546875,0.34114691242575645,0.6516937874257565
Llama-3.2-3B,19,6,0.3193359375,0.3331090025603771,0.6524449400603771
Llama-3.2-3B,1,2,0.328125,0.32796760834753513,0.6560926083475351
Llama-3.2-3B,26,10,0.2880859375,0.36837656423449516,0.6564625017344952
Llama-3.2-3B,6,3,0.322265625,0.33536829240620136,0.6576339174062014
Llama-3.2-3B,24,4,0.330078125,0.33098800480365753,0.6610661298036575
Llama-3.2-3B,13,5,0.328125,0.33514031767845154,0.6632653176784515
Llama-3.2-3B,27,17,0.3154296875,0.3526996858417988,0.6681293733417988
Llama-3.2-3B,26,24,0.318359375,0.3511907383799553,0.6695501133799553
Llama-3.2-3B,25,6,0.3125,0.3608662709593773,0.6733662709593773
Llama-3.2-3B,27,10,0.2998046875,0.37587564066052437,0.6756803281605244
Llama-3.2-3B,26,7,0.3134765625,0.3640749678015709,0.6775515303015709
Llama-3.2-3B,24,5,0.3525390625,0.3580995500087738,0.7106386125087738
Llama-3.2-3B,19,5,0.3466796875,0.36439893022179604,0.711078617721796
Llama-3.2-3B,22,5,0.359375,0.3625976890325546,0.7219726890325546
Llama-3.2-3B,24,27,0.3408203125,0.3822122700512409,0.7230325825512409
Llama-3.2-3B,26,14,0.341796875,0.3829786367714405,0.7247755117714405
Llama-3.2-3B,5,2,0.365234375,0.35969579964876175,0.7249301746487617
Llama-3.2-3B,14,5,0.357421875,0.38154953718185425,0.7389714121818542
Llama-3.2-3B,27,16,0.349609375,0.3963213749229908,0.7459307499229908
Llama-3.2-3B,26,13,0.3515625,0.4027257077395916,0.7542882077395916
Llama-3.2-3B,4,5,0.369140625,0.3869546800851822,0.7560953050851822
Llama-3.2-3B,21,3,0.3798828125,0.3951430767774582,0.7750258892774582
Llama-3.2-3B,26,27,0.3740234375,0.4033437743782997,0.7773672118782997
Llama-3.2-3B,27,18,0.3720703125,0.41471925005316734,0.7867895625531673
Llama-3.2-3B,12,3,0.384765625,0.40433668717741966,0.7891023121774197
Llama-3.2-3B,20,3,0.3876953125,0.40473224222660065,0.7924275547266006
Llama-3.2-3B,25,5,0.37890625,0.4204963631927967,0.7994026131927967
Llama-3.2-3B,16,3,0.396484375,0.40935705229640007,0.8058414272964001
Llama-3.2-3B,15,3,0.392578125,0.4141271077096462,0.8067052327096462
Llama-3.2-3B,8,3,0.396484375,0.41116708144545555,0.8076514564454556
Llama-3.2-3B,27,19,0.38671875,0.42708634957671165,0.8138050995767117
Llama-3.2-3B,25,4,0.3876953125,0.43621042370796204,0.823905736207962
Llama-3.2-3B,17,3,0.4091796875,0.4169338159263134,0.8261135034263134
Llama-3.2-3B,18,3,0.4111328125,0.418922271579504,0.830055084079504
Llama-3.2-3B,27,15,0.39453125,0.43721556290984154,0.8317468129098415
Llama-3.2-3B,11,3,0.408203125,0.42448127269744873,0.8326843976974487
Llama-3.2-3B,9,3,0.412109375,0.4220176748931408,0.8341270498931408
Llama-3.2-3B,26,6,0.40234375,0.4328141547739506,0.8351579047739506
Llama-3.2-3B,7,3,0.427734375,0.42661646381020546,0.8543508388102055
Llama-3.2-3B,13,3,0.4267578125,0.43258824944496155,0.8593460619449615
Llama-3.2-3B,23,3,0.423828125,0.4379916526377201,0.8618197776377201
Llama-3.2-3B,26,5,0.41796875,0.44596975669264793,0.8639385066926479
Llama-3.2-3B,26,4,0.419921875,0.45880550891160965,0.8787273839116096
Llama-3.2-3B,6,2,0.4345703125,0.4473167024552822,0.8818870149552822
Llama-3.2-3B,14,3,0.431640625,0.4510936811566353,0.8827343061566353
Llama-3.2-3B,27,12,0.42578125,0.47836946323513985,0.9041507132351398
Llama-3.2-3B,27,4,0.423828125,0.49367035552859306,0.9174984805285931
Llama-3.2-3B,22,3,0.4482421875,0.47228604555130005,0.9205282330513
Llama-3.2-3B,10,3,0.455078125,0.46971604600548744,0.9247941710054874
Llama-3.2-3B,27,13,0.4375,0.49292851239442825,0.9304285123944283
Llama-3.2-3B,19,3,0.45703125,0.47520891204476357,0.9322401620447636
Llama-3.2-3B,27,20,0.4462890625,0.48695508390665054,0.9332441464066505
Llama-3.2-3B,27,21,0.4443359375,0.490243811160326,0.934579748660326
Llama-3.2-3B,27,6,0.439453125,0.4954736642539501,0.9349267892539501
Llama-3.2-3B,27,14,0.4521484375,0.4852529913187027,0.9374014288187027
Llama-3.2-3B,26,12,0.443359375,0.4976228103041649,0.9409821853041649
Llama-3.2-3B,27,5,0.4375,0.5096055194735527,0.9471055194735527
Llama-3.2-3B,7,2,0.4765625,0.4819008409976959,0.9584633409976959
Llama-3.2-3B,9,2,0.4970703125,0.4932583458721638,0.9903286583721638
Llama-3.2-3B,27,22,0.48046875,0.5125022791326046,0.9929710291326046
Llama-3.2-3B,8,2,0.5048828125,0.5174761973321438,1.0223590098321438
Llama-3.2-3B,24,3,0.5146484375,0.5302531868219376,1.0449016243219376
Llama-3.2-3B,12,2,0.517578125,0.5318908877670765,1.0494690127670765
Llama-3.2-3B,10,2,0.529296875,0.5353906713426113,1.0646875463426113
Llama-3.2-3B,15,2,0.5517578125,0.5543351843953133,1.1060929968953133
Llama-3.2-3B,21,2,0.578125,0.5909992009401321,1.1691242009401321
Llama-3.2-3B,20,2,0.5908203125,0.5905678197741508,1.1813881322741508
Llama-3.2-3B,27,23,0.591796875,0.6125485971570015,1.2043454721570015
Llama-3.2-3B,27,3,0.5888671875,0.6295473128557205,1.2184145003557205
Llama-3.2-3B,17,2,0.62109375,0.6158512830734253,1.2369450330734253
Llama-3.2-3B,16,2,0.6328125,0.6206437274813652,1.2534562274813652
Llama-3.2-3B,18,2,0.6337890625,0.6316034868359566,1.2653925493359566
Llama-3.2-3B,11,2,0.6337890625,0.6431324034929276,1.2769214659929276
Llama-3.2-3B,26,3,0.6162109375,0.6758618056774139,1.292072743177414
Llama-3.2-3B,14,2,0.650390625,0.6531057506799698,1.3034963756799698
Llama-3.2-3B,13,2,0.654296875,0.6548788659274578,1.3091757409274578
Llama-3.2-3B,25,3,0.6357421875,0.6830927804112434,1.3188349679112434
Llama-3.2-3B,19,2,0.6787109375,0.6878413110971451,1.366552248597145
Llama-3.2-3B,23,2,0.7275390625,0.7323161661624908,1.4598552286624908
Llama-3.2-3B,22,2,0.7353515625,0.754042886197567,1.489394448697567
Llama-3.2-3B,24,2,0.7568359375,0.7558653354644775,1.5127012729644775
Llama-3.2-3B,27,24,0.79296875,0.8449344262480736,1.6379031762480736
Llama-3.2-3B,26,2,1.037109375,1.0852380096912384,2.1223473846912384
Llama-3.2-3B,25,2,1.1396484375,1.1644877791404724,2.3041362166404724
Llama-3.2-3B,27,2,1.22265625,1.2597182840108871,2.482374534010887
Llama-3.2-3B,27,25,2.28515625,2.3421174436807632,4.627273693680763
Llama-3.2-3B,27,26,3.326171875,3.3836917877197266,6.709863662719727
Llama-3.2-3B,0,1,3.396484375,3.4639673829078674,6.860451757907867
Llama-3.2-3B,2,1,3.525390625,3.6046327352523804,7.13002336025238
Llama-3.2-3B,16,1,3.607421875,3.697566896677017,7.304988771677017
Llama-3.2-3B,4,1,3.658203125,3.7466337978839874,7.404836922883987
Llama-3.2-3B,11,1,3.677734375,3.750648856163025,7.428383231163025
Llama-3.2-3B,20,1,3.724609375,3.782216489315033,7.506825864315033
Llama-3.2-3B,15,1,3.724609375,3.7825193405151367,7.507128715515137
Llama-3.2-3B,18,1,3.728515625,3.794302463531494,7.522818088531494
Llama-3.2-3B,9,1,3.724609375,3.798845797777176,7.523455172777176
Llama-3.2-3B,19,1,3.763671875,3.8276962637901306,7.591368138790131
Llama-3.2-3B,13,1,3.783203125,3.855641722679138,7.638844847679138
Llama-3.2-3B,17,1,3.794921875,3.8590361773967743,7.653958052396774
Llama-3.2-3B,14,1,3.802734375,3.874825596809387,7.677559971809387
Llama-3.2-3B,8,1,3.798828125,3.8834207952022552,7.682248920202255
Llama-3.2-3B,3,1,3.810546875,3.882451683282852,7.692998558282852
Llama-3.2-3B,7,1,3.814453125,3.886068433523178,7.700521558523178
Llama-3.2-3B,12,1,3.822265625,3.8893883228302,7.7116539478302
Llama-3.2-3B,22,1,3.884765625,3.957207500934601,7.841973125934601
Llama-3.2-3B,21,1,3.900390625,3.9563854932785034,7.856776118278503
Llama-3.2-3B,6,1,3.900390625,3.9791136980056763,7.879504323005676
Llama-3.2-3B,10,1,3.916015625,4.001661241054535,7.917676866054535
Llama-3.2-3B,24,1,3.966796875,4.043690234422684,8.010487109422684
Llama-3.2-3B,23,1,3.962890625,4.048442125320435,8.011332750320435
Llama-3.2-3B,1,0,3.984375,4.064559429883957,8.048934429883957
Llama-3.2-3B,5,1,4.029296875,4.084554761648178,8.113851636648178
Llama-3.2-3B,25,1,4.083984375,4.1560381054878235,8.240022480487823
Llama-3.2-3B,26,1,4.103515625,4.141309946775436,8.244825571775436
Llama-3.2-3B,2,0,4.322265625,4.40360951423645,8.72587513923645
Llama-3.2-3B,27,1,4.439453125,4.533312916755676,8.972766041755676
Llama-3.2-3B,19,0,4.708984375,4.813722550868988,9.522706925868988
Llama-3.2-3B,16,0,4.865234375,4.935565531253815,9.800799906253815
Llama-3.2-3B,17,0,4.990234375,5.062198340892792,10.052432715892792
Llama-3.2-3B,15,0,5.001953125,5.0730584263801575,10.075011551380157
Llama-3.2-3B,12,0,5.029296875,5.104407906532288,10.133704781532288
Llama-3.2-3B,4,0,5.044921875,5.124377012252808,10.169298887252808
Llama-3.2-3B,20,0,5.048828125,5.14417177438736,10.19299989938736
Llama-3.2-3B,3,0,5.064453125,5.151517421007156,10.215970546007156
Llama-3.2-3B,8,0,5.087890625,5.177486062049866,10.265376687049866
Llama-3.2-3B,18,0,5.107421875,5.200240433216095,10.307662308216095
Llama-3.2-3B,11,0,5.166015625,5.225041568279266,10.391057193279266
Llama-3.2-3B,10,0,5.185546875,5.260188102722168,10.445734977722168
Llama-3.2-3B,14,0,5.251953125,5.319475948810577,10.571429073810577
Llama-3.2-3B,23,0,5.337890625,5.40276974439621,10.74066036939621
Llama-3.2-3B,13,0,5.330078125,5.411636650562286,10.741714775562286
Llama-3.2-3B,6,0,5.376953125,5.452806293964386,10.829759418964386
Llama-3.2-3B,22,0,5.427734375,5.511160790920258,10.938895165920258
Llama-3.2-3B,21,0,5.458984375,5.544405281543732,11.003389656543732
Llama-3.2-3B,9,0,5.462890625,5.55622524023056,11.01911586523056
Llama-3.2-3B,7,0,5.521484375,5.602766036987305,11.124250411987305
Llama-3.2-3B,24,0,5.568359375,5.641200125217438,11.209559500217438
Llama-3.2-3B,5,0,5.900390625,5.9712952971458435,11.871685922145844
Llama-3.2-3B,25,0,6.177734375,6.255594193935394,12.433328568935394
Llama-3.2-3B,26,0,7.068359375,7.1596972942352295,14.22805666923523
Llama-3.2-3B,27,0,7.529296875,7.632495760917664,15.161792635917664
Llama-3.1-8B,6,28,0.0087890625,0.07914264500141144,0.08793170750141144
Llama-3.1-8B,1,28,0.0146484375,0.07862149365246296,0.09326993115246296
Llama-3.1-8B,5,28,0.009765625,0.08424089383333921,0.09400651883333921
Llama-3.1-8B,2,28,0.021484375,0.07458606688305736,0.09607044188305736
Llama-3.1-8B,2,25,0.0322265625,0.06469581043347716,0.09692237293347716
Llama-3.1-8B,4,28,0.0205078125,0.07744444254785776,0.09795225504785776
Llama-3.1-8B,12,28,0.0146484375,0.08443923387676477,0.09908767137676477
Llama-3.1-8B,9,28,0.0126953125,0.08712092600762844,0.09981623850762844
Llama-3.1-8B,3,28,0.021484375,0.08143253671005368,0.10291691171005368
Llama-3.1-8B,8,28,0.01953125,0.08344967104494572,0.10298092104494572
Llama-3.1-8B,10,28,0.0205078125,0.08298120554536581,0.10348901804536581
Llama-3.1-8B,0,28,0.0263671875,0.07734734751284122,0.10371453501284122
Llama-3.1-8B,7,28,0.0205078125,0.08569408394396305,0.10620189644396305
Llama-3.1-8B,11,28,0.0224609375,0.0844994354993105,0.1069603729993105
Llama-3.1-8B,4,23,0.03125,0.07684047939255834,0.10809047939255834
Llama-3.1-8B,5,26,0.037109375,0.07203850336372852,0.10914787836372852
Llama-3.1-8B,14,28,0.0234375,0.08574666269123554,0.10918416269123554
Llama-3.1-8B,4,25,0.044921875,0.06468787649646401,0.10960975149646401
Llama-3.1-8B,3,26,0.033203125,0.07764967298135161,0.11085279798135161
Llama-3.1-8B,3,25,0.0458984375,0.06563675962388515,0.11153519712388515
Llama-3.1-8B,6,25,0.0380859375,0.07526686880737543,0.11335280630737543
Llama-3.1-8B,5,25,0.0439453125,0.06995022483170033,0.11389553733170033
Llama-3.1-8B,6,26,0.03515625,0.0793677307665348,0.1145239807665348
Llama-3.1-8B,1,25,0.0498046875,0.06532898033037782,0.11513366783037782
Llama-3.1-8B,0,26,0.0419921875,0.07380321901291609,0.11579540651291609
Llama-3.1-8B,8,25,0.048828125,0.06738762417808175,0.11621574917808175
Llama-3.1-8B,9,25,0.0478515625,0.06901638582348824,0.11686794832348824
Llama-3.1-8B,3,23,0.0400390625,0.0774859506636858,0.1175250131636858
Llama-3.1-8B,10,26,0.0419921875,0.07612008508294821,0.11811227258294821
Llama-3.1-8B,11,25,0.048828125,0.06972013507038355,0.11854826007038355
Llama-3.1-8B,2,26,0.041015625,0.0776110915467143,0.1186267165467143
Llama-3.1-8B,7,25,0.048828125,0.06994397100061178,0.11877209600061178
Llama-3.1-8B,8,26,0.0458984375,0.07345687178894877,0.11935530928894877
Llama-3.1-8B,4,26,0.0498046875,0.07018916541710496,0.11999385291710496
Llama-3.1-8B,13,28,0.03515625,0.08604323957115412,0.12119948957115412
Llama-3.1-8B,16,28,0.03125,0.09150460548698902,0.12275460548698902
Llama-3.1-8B,7,26,0.044921875,0.0789720332249999,0.1238939082249999
Llama-3.1-8B,10,25,0.0546875,0.07017976883798838,0.12486726883798838
Llama-3.1-8B,5,24,0.0380859375,0.08815757557749748,0.12624351307749748
Llama-3.1-8B,4,24,0.0439453125,0.08274312363937497,0.12668843613937497
Llama-3.1-8B,0,25,0.0576171875,0.06971001531928778,0.12732720281928778
Llama-3.1-8B,9,26,0.0498046875,0.0780061106197536,0.1278107981197536
Llama-3.1-8B,9,24,0.0439453125,0.08430765848606825,0.12825297098606825
Llama-3.1-8B,7,23,0.0439453125,0.08448591642081738,0.12843122892081738
Llama-3.1-8B,12,25,0.0498046875,0.080037756357342,0.129842443857342
Llama-3.1-8B,2,23,0.048828125,0.08263439172878861,0.13146251672878861
Llama-3.1-8B,14,26,0.0498046875,0.08235026756301522,0.13215495506301522
Llama-3.1-8B,6,23,0.0478515625,0.08456406835466623,0.13241563085466623
Llama-3.1-8B,15,28,0.03515625,0.09748065005987883,0.13263690005987883
Llama-3.1-8B,6,24,0.0458984375,0.08698158245533705,0.13288001995533705
Llama-3.1-8B,1,26,0.056640625,0.07771713193506002,0.13435775693506002
Llama-3.1-8B,14,25,0.0576171875,0.07743447925895452,0.13505166675895452
Llama-3.1-8B,3,24,0.046875,0.08839123323559761,0.1352662332355976
Llama-3.1-8B,13,25,0.060546875,0.07489685574546456,0.13544373074546456
Llama-3.1-8B,16,25,0.0556640625,0.08000606251880527,0.13567012501880527
Llama-3.1-8B,12,26,0.052734375,0.08337569702416658,0.13611007202416658
Llama-3.1-8B,6,27,0.0419921875,0.09432550333440304,0.13631769083440304
Llama-3.1-8B,7,24,0.0458984375,0.09105454478412867,0.13695298228412867
Llama-3.1-8B,11,26,0.0556640625,0.08208736078813672,0.13775142328813672
Llama-3.1-8B,5,23,0.046875,0.09113577473908663,0.13801077473908663
Llama-3.1-8B,2,24,0.0498046875,0.08839592710137367,0.13820061460137367
Llama-3.1-8B,3,27,0.0517578125,0.08689788170158863,0.13865569420158863
Llama-3.1-8B,1,23,0.056640625,0.08205444412305951,0.1386950691230595
Llama-3.1-8B,1,27,0.048828125,0.09045254439115524,0.13928066939115524
Llama-3.1-8B,8,24,0.0546875,0.08589347545057535,0.14058097545057535
Llama-3.1-8B,8,23,0.0556640625,0.08493251167237759,0.1405965741723776
Llama-3.1-8B,10,24,0.05078125,0.09176156762987375,0.14254281762987375
Llama-3.1-8B,16,26,0.0556640625,0.08867360837757587,0.14433767087757587
Llama-3.1-8B,5,27,0.048828125,0.09553804621100426,0.14436617121100426
Llama-3.1-8B,4,27,0.05859375,0.0859943712130189,0.1445881212130189
Llama-3.1-8B,17,28,0.044921875,0.10022046882659197,0.14514234382659197
Llama-3.1-8B,10,27,0.0576171875,0.08780849073082209,0.1454256782308221
Llama-3.1-8B,26,28,0.0517578125,0.09538504853844643,0.14714286103844643
Llama-3.1-8B,9,23,0.05859375,0.089087740983814,0.147681490983814
Llama-3.1-8B,13,23,0.0478515625,0.10015953611582518,0.14801109861582518
Llama-3.1-8B,0,24,0.0634765625,0.08518354874104261,0.14866011124104261
Llama-3.1-8B,0,23,0.06640625,0.08266502479091287,0.14907127479091287
Llama-3.1-8B,27,26,0.064453125,0.08473857957869768,0.14919170457869768
Llama-3.1-8B,10,23,0.0615234375,0.08801957173272967,0.14954300923272967
Llama-3.1-8B,8,27,0.0595703125,0.09063565637916327,0.15020596887916327
Llama-3.1-8B,9,27,0.0546875,0.09703338239341974,0.15172088239341974
Llama-3.1-8B,13,26,0.0693359375,0.08253947459161282,0.15187541209161282
Llama-3.1-8B,1,24,0.0615234375,0.0905520236119628,0.1520754611119628
Llama-3.1-8B,4,22,0.0576171875,0.09556551091372967,0.15318269841372967
Llama-3.1-8B,2,27,0.05859375,0.0956727284938097,0.1542664784938097
Llama-3.1-8B,19,28,0.048828125,0.1071925712749362,0.1560206962749362
Llama-3.1-8B,7,27,0.0625,0.09482182189822197,0.15732182189822197
Llama-3.1-8B,18,28,0.056640625,0.10081564448773861,0.1574562694877386
Llama-3.1-8B,21,28,0.0498046875,0.10767083987593651,0.1574755273759365
Llama-3.1-8B,0,27,0.0673828125,0.09027345571666956,0.15765626821666956
Llama-3.1-8B,11,27,0.0615234375,0.09691778291016817,0.15844122041016817
Llama-3.1-8B,12,27,0.0634765625,0.0953706493601203,0.1588472118601203
Llama-3.1-8B,3,22,0.0625,0.09656072035431862,0.15906072035431862
Llama-3.1-8B,26,25,0.0712890625,0.08884786628186703,0.16013692878186703
Llama-3.1-8B,22,25,0.0693359375,0.09102067165076733,0.16035660915076733
Llama-3.1-8B,27,25,0.072265625,0.08882546797394753,0.16109109297394753
Llama-3.1-8B,24,28,0.0498046875,0.11133965384215117,0.16114434134215117
Llama-3.1-8B,18,25,0.0693359375,0.09203738439828157,0.16137332189828157
Llama-3.1-8B,22,28,0.052734375,0.10973365418612957,0.16246802918612957
Llama-3.1-8B,20,28,0.0517578125,0.1109959939494729,0.1627538064494729
Llama-3.1-8B,25,26,0.07421875,0.08856441546231508,0.16278316546231508
Llama-3.1-8B,11,23,0.064453125,0.09833402093499899,0.162787145934999
Llama-3.1-8B,23,28,0.0537109375,0.10965845827013254,0.16336939577013254
Llama-3.1-8B,23,25,0.080078125,0.08347383141517639,0.1635519564151764
Llama-3.1-8B,13,27,0.0693359375,0.09424030128866434,0.16357623878866434
Llama-3.1-8B,13,24,0.05859375,0.10531566385179758,0.16390941385179758
Llama-3.1-8B,5,29,0.076171875,0.08774519618600607,0.16391707118600607
Llama-3.1-8B,21,26,0.072265625,0.09165324177592993,0.16391886677592993
Llama-3.1-8B,14,27,0.0673828125,0.09746683016419411,0.1648496426641941
Llama-3.1-8B,12,23,0.06640625,0.09847454074770212,0.16488079074770212
Llama-3.1-8B,15,26,0.0732421875,0.09224574640393257,0.16548793390393257
Llama-3.1-8B,24,25,0.076171875,0.08943082485347986,0.16560269985347986
Llama-3.1-8B,12,24,0.0615234375,0.10510043241083622,0.16662386991083622
Llama-3.1-8B,18,26,0.0732421875,0.09350104629993439,0.1667432337999344
Llama-3.1-8B,7,22,0.0625,0.10519835446029902,0.16769835446029902
Llama-3.1-8B,21,25,0.08203125,0.08575007086619735,0.16778132086619735
Llama-3.1-8B,15,25,0.078125,0.09067168179899454,0.16879668179899454
Llama-3.1-8B,1,29,0.080078125,0.08878015074878931,0.1688582757487893
Llama-3.1-8B,11,24,0.068359375,0.1006736010313034,0.1690329760313034
Llama-3.1-8B,17,26,0.0791015625,0.09105901792645454,0.17016058042645454
Llama-3.1-8B,24,26,0.07421875,0.09630675707012415,0.17052550707012415
Llama-3.1-8B,4,21,0.0693359375,0.1016553696244955,0.1709913071244955
Llama-3.1-8B,9,29,0.0791015625,0.09218460042029619,0.1712861629202962
Llama-3.1-8B,14,24,0.0654296875,0.10586070362478495,0.17129039112478495
Llama-3.1-8B,22,26,0.078125,0.09323144890367985,0.17135644890367985
Llama-3.1-8B,4,29,0.0830078125,0.08904783893376589,0.1720556514337659
Llama-3.1-8B,21,24,0.068359375,0.10396143700927496,0.17232081200927496
Llama-3.1-8B,2,22,0.072265625,0.10025944001972675,0.17252506501972675
Llama-3.1-8B,17,25,0.083984375,0.08943097852170467,0.17341535352170467
Llama-3.1-8B,8,22,0.0732421875,0.10038647428154945,0.17362866178154945
Llama-3.1-8B,1,22,0.078125,0.09556327853351831,0.17368827853351831
Llama-3.1-8B,14,23,0.072265625,0.10209089331328869,0.1743565183132887
Llama-3.1-8B,23,26,0.0830078125,0.09172371216118336,0.17473152466118336
Llama-3.1-8B,6,29,0.0810546875,0.09393276739865541,0.17498745489865541
Llama-3.1-8B,8,29,0.0830078125,0.09213672205805779,0.17514453455805779
Llama-3.1-8B,16,27,0.078125,0.09794013109058142,0.17606513109058142
Llama-3.1-8B,7,29,0.087890625,0.08820918016135693,0.17609980516135693
Llama-3.1-8B,25,28,0.060546875,0.11558323819190264,0.17613011319190264
Llama-3.1-8B,27,28,0.0634765625,0.11314882710576057,0.17662538960576057
Llama-3.1-8B,26,24,0.072265625,0.10479249991476536,0.17705812491476536
Llama-3.1-8B,3,8,0.087890625,0.09057404194027185,0.17846466694027185
Llama-3.1-8B,3,21,0.0712890625,0.10734756384044886,0.17863662634044886
Llama-3.1-8B,25,27,0.07421875,0.10450090002268553,0.17871965002268553
Llama-3.1-8B,20,26,0.0859375,0.09405750408768654,0.17999500408768654
Llama-3.1-8B,6,21,0.068359375,0.1118020499125123,0.1801614249125123
Llama-3.1-8B,1,21,0.076171875,0.10431952588260174,0.18049140088260174
Llama-3.1-8B,3,29,0.08984375,0.0911688944324851,0.1810126444324851
Llama-3.1-8B,12,29,0.0888671875,0.09228993207216263,0.18115711957216263
Llama-3.1-8B,20,25,0.0869140625,0.09446860570460558,0.18138266820460558
Llama-3.1-8B,26,27,0.0732421875,0.10820458550006151,0.1814467730000615
Llama-3.1-8B,8,21,0.0751953125,0.10710265394300222,0.18229796644300222
Llama-3.1-8B,16,24,0.0732421875,0.10924396570771933,0.18248615320771933
Llama-3.1-8B,0,29,0.091796875,0.09076051600277424,0.18255739100277424
Llama-3.1-8B,6,22,0.0732421875,0.10989410243928432,0.18313628993928432
Llama-3.1-8B,26,23,0.0791015625,0.10467751231044531,0.1837790748104453
Llama-3.1-8B,10,22,0.0810546875,0.10333787277340889,0.1843925602734089
Llama-3.1-8B,10,8,0.0908203125,0.09467445127665997,0.18549476377665997
Llama-3.1-8B,9,22,0.0771484375,0.10875373985618353,0.18590217735618353
Llama-3.1-8B,24,27,0.0830078125,0.10331527423113585,0.18632308673113585
Llama-3.1-8B,22,24,0.076171875,0.11021501943469048,0.18638689443469048
Llama-3.1-8B,3,19,0.08203125,0.10493587609380484,0.18696712609380484
Llama-3.1-8B,25,23,0.078125,0.10896548815071583,0.18709048815071583
Llama-3.1-8B,2,8,0.09375,0.09371728543192148,0.18746728543192148
Llama-3.1-8B,11,29,0.0966796875,0.09249980188906193,0.18917948938906193
Llama-3.1-8B,16,23,0.078125,0.11114949267357588,0.18927449267357588
Llama-3.1-8B,15,27,0.083984375,0.10565214231610298,0.18963651731610298
Llama-3.1-8B,23,24,0.0888671875,0.10224785562604666,0.19111504312604666
Llama-3.1-8B,25,24,0.0771484375,0.11419624090194702,0.19134467840194702
Llama-3.1-8B,21,23,0.0791015625,0.11297231819480658,0.19207388069480658
Llama-3.1-8B,0,22,0.087890625,0.10502835363149643,0.19291897863149643
Llama-3.1-8B,17,27,0.0859375,0.10733688157051802,0.19327438157051802
Llama-3.1-8B,19,26,0.087890625,0.10542339738458395,0.19331402238458395
Llama-3.1-8B,7,21,0.0830078125,0.11031577829271555,0.19332359079271555
Llama-3.1-8B,14,29,0.09765625,0.09600046370178461,0.1936567137017846
Llama-3.1-8B,4,8,0.0888671875,0.10481614153832197,0.19368332903832197
Llama-3.1-8B,5,21,0.080078125,0.11453711520880461,0.1946152402088046
Llama-3.1-8B,20,24,0.0859375,0.10881344228982925,0.19475094228982925
Llama-3.1-8B,3,12,0.09375,0.10233015846461058,0.19608015846461058
Llama-3.1-8B,5,22,0.08203125,0.11455813143402338,0.19658938143402338
Llama-3.1-8B,19,25,0.091796875,0.10516782384365797,0.19696469884365797
Llama-3.1-8B,7,9,0.0927734375,0.10519092530012131,0.1979643628001213
Llama-3.1-8B,2,21,0.0908203125,0.10780990496277809,0.1986302174627781
Llama-3.1-8B,2,29,0.109375,0.08967464696615934,0.19904964696615934
Llama-3.1-8B,28,26,0.09765625,0.10148557182401419,0.1991418218240142
Llama-3.1-8B,2,9,0.095703125,0.10373868141323328,0.19944180641323328
Llama-3.1-8B,18,27,0.0947265625,0.10539124999195337,0.20011781249195337
Llama-3.1-8B,18,23,0.091796875,0.1085182661190629,0.2003151411190629
Llama-3.1-8B,2,20,0.07421875,0.12635360844433308,0.20057235844433308
Llama-3.1-8B,9,21,0.0859375,0.11530220601707697,0.20123970601707697
Llama-3.1-8B,12,22,0.08203125,0.11964252591133118,0.20167377591133118
Llama-3.1-8B,12,21,0.08203125,0.1204675454646349,0.2024987954646349
Llama-3.1-8B,2,12,0.0947265625,0.10827605240046978,0.20300261490046978
Llama-3.1-8B,2,10,0.10546875,0.09795260801911354,0.20342135801911354
Llama-3.1-8B,28,27,0.095703125,0.10866773966699839,0.2043708646669984
Llama-3.1-8B,22,23,0.0908203125,0.1136721046641469,0.2044924171641469
Llama-3.1-8B,4,20,0.08203125,0.12367453332990408,0.20570578332990408
Llama-3.1-8B,14,22,0.0908203125,0.11497063562273979,0.2057909481227398
Llama-3.1-8B,4,19,0.0927734375,0.11339171882718801,0.20616515632718801
Llama-3.1-8B,21,27,0.0888671875,0.11770859733223915,0.20657578483223915
Llama-3.1-8B,10,29,0.1171875,0.08984018629416823,0.20702768629416823
Llama-3.1-8B,18,24,0.09375,0.11340202111750841,0.2071520211175084
Llama-3.1-8B,23,22,0.0908203125,0.1172247901558876,0.2080451026558876
Llama-3.1-8B,16,29,0.1044921875,0.10402681771665812,0.20851900521665812
Llama-3.1-8B,10,21,0.0986328125,0.11004767846316099,0.208680490963161
Llama-3.1-8B,13,22,0.0810546875,0.12806029058992863,0.20911497808992863
Llama-3.1-8B,1,8,0.1064453125,0.10284716542810202,0.20929247792810202
Llama-3.1-8B,3,9,0.1064453125,0.10290207713842392,0.20934738963842392
Llama-3.1-8B,24,23,0.1044921875,0.10521515179425478,0.20970733929425478
Llama-3.1-8B,13,29,0.1142578125,0.09548292681574821,0.20974073931574821
Llama-3.1-8B,27,24,0.091796875,0.11805352941155434,0.20985040441155434
Llama-3.1-8B,19,27,0.091796875,0.11837430205196142,0.21017117705196142
Llama-3.1-8B,15,12,0.1044921875,0.10583611018955708,0.21032829768955708
Llama-3.1-8B,16,12,0.09765625,0.11294860672205687,0.21060485672205687
Llama-3.1-8B,6,9,0.107421875,0.10341901425272226,0.21084088925272226
Llama-3.1-8B,8,12,0.103515625,0.10738358646631241,0.2108992114663124
Llama-3.1-8B,17,24,0.09375,0.11742260586470366,0.21117260586470366
Llama-3.1-8B,27,23,0.0947265625,0.11664657481014729,0.21137313731014729
Llama-3.1-8B,23,20,0.0888671875,0.12366981338709593,0.21253700088709593
Llama-3.1-8B,28,25,0.1025390625,0.11020569037646055,0.21274475287646055
Llama-3.1-8B,24,22,0.099609375,0.113481386564672,0.213090761564672
Llama-3.1-8B,11,22,0.09375,0.11946243327111006,0.21321243327111006
Llama-3.1-8B,23,27,0.0947265625,0.11855316907167435,0.21327973157167435
Llama-3.1-8B,3,18,0.1005859375,0.1131874043494463,0.2137733418494463
Llama-3.1-8B,6,12,0.103515625,0.11037042364478111,0.2138860486447811
Llama-3.1-8B,22,27,0.0986328125,0.11579772550612688,0.21443053800612688
Llama-3.1-8B,11,9,0.1142578125,0.10028763953596354,0.21454545203596354
Llama-3.1-8B,2,19,0.1005859375,0.11405150406062603,0.21463744156062603
Llama-3.1-8B,3,10,0.1162109375,0.09958756761625409,0.2157985051162541
Llama-3.1-8B,19,24,0.0888671875,0.12727291323244572,0.21614010073244572
Llama-3.1-8B,3,20,0.091796875,0.1244750702753663,0.2162719452753663
Llama-3.1-8B,1,10,0.109375,0.1073579965159297,0.2167329965159297
Llama-3.1-8B,11,8,0.109375,0.1074808482080698,0.2168558482080698
Llama-3.1-8B,6,19,0.1005859375,0.11726511269807816,0.21785105019807816
Llama-3.1-8B,9,20,0.0859375,0.13221473898738623,0.21815223898738623
Llama-3.1-8B,9,7,0.1015625,0.11672599520534277,0.21828849520534277
Llama-3.1-8B,6,18,0.091796875,0.12668250873684883,0.21847938373684883
Llama-3.1-8B,7,19,0.1015625,0.11700961925089359,0.2185721192508936
Llama-3.1-8B,20,27,0.1005859375,0.11840198934078217,0.21898792684078217
Llama-3.1-8B,18,12,0.111328125,0.10861583054065704,0.21994395554065704
Llama-3.1-8B,6,10,0.115234375,0.10472891852259636,0.21996329352259636
Llama-3.1-8B,15,23,0.0966796875,0.1234243419021368,0.2201040294021368
Llama-3.1-8B,11,21,0.1015625,0.11876843776553869,0.2203309377655387
Llama-3.1-8B,9,19,0.0966796875,0.12382388953119516,0.22050357703119516
Llama-3.1-8B,0,10,0.115234375,0.1062751691788435,0.2215095441788435
Llama-3.1-8B,25,22,0.091796875,0.129727054387331,0.221523929387331
Llama-3.1-8B,4,12,0.1123046875,0.10977345891296864,0.22207814641296864
Llama-3.1-8B,20,23,0.10546875,0.11669734213501215,0.22216609213501215
Llama-3.1-8B,15,24,0.0966796875,0.12580500543117523,0.22248469293117523
Llama-3.1-8B,2,18,0.1044921875,0.11807747837156057,0.22256966587156057
Llama-3.1-8B,0,21,0.1064453125,0.1161511205136776,0.2225964330136776
Llama-3.1-8B,1,19,0.103515625,0.11937009636312723,0.22288572136312723
Llama-3.1-8B,21,8,0.1181640625,0.10567153990268707,0.22383560240268707
Llama-3.1-8B,17,23,0.1044921875,0.11965417116880417,0.22414635866880417
Llama-3.1-8B,0,8,0.1142578125,0.11030387505888939,0.2245616875588894
Llama-3.1-8B,20,8,0.115234375,0.10995454993098974,0.22518892493098974
Llama-3.1-8B,16,22,0.09375,0.13150627724826336,0.22525627724826336
Llama-3.1-8B,10,9,0.10546875,0.11988958436995745,0.22535833436995745
Llama-3.1-8B,22,8,0.1142578125,0.11166575457900763,0.22592356707900763
Llama-3.1-8B,21,22,0.0927734375,0.13339822553098202,0.22617166303098202
Llama-3.1-8B,2,14,0.111328125,0.11487135756760836,0.22619948256760836
Llama-3.1-8B,26,22,0.10546875,0.12079775519669056,0.22626650519669056
Llama-3.1-8B,15,29,0.1201171875,0.10617826040834188,0.22629544790834188
Llama-3.1-8B,19,23,0.0966796875,0.12970388866961002,0.22638357616961002
Llama-3.1-8B,18,8,0.1171875,0.10952423699200153,0.22671173699200153
Llama-3.1-8B,1,20,0.091796875,0.1350805088877678,0.2268773838877678
Llama-3.1-8B,5,3,0.1005859375,0.1264519039541483,0.2270378414541483
Llama-3.1-8B,6,16,0.0888671875,0.13858091831207275,0.22744810581207275
Llama-3.1-8B,1,12,0.107421875,0.12015920039266348,0.22758107539266348
Llama-3.1-8B,25,21,0.1015625,0.12602783273905516,0.22759033273905516
Llama-3.1-8B,10,12,0.10546875,0.12233213149011135,0.22780088149011135
Llama-3.1-8B,16,13,0.1064453125,0.12147471681237221,0.2279200293123722
Llama-3.1-8B,5,20,0.0908203125,0.13710179459303617,0.22792210709303617
Llama-3.1-8B,8,19,0.1044921875,0.12352767493575811,0.2280198624357581
Llama-3.1-8B,6,8,0.1181640625,0.10993761103600264,0.22810167353600264
Llama-3.1-8B,26,29,0.109375,0.11912745237350464,0.22850245237350464
Llama-3.1-8B,1,9,0.103515625,0.12503772135823965,0.22855334635823965
Llama-3.1-8B,7,20,0.0908203125,0.13787256088107824,0.22869287338107824
Llama-3.1-8B,13,8,0.12109375,0.10787778347730637,0.22897153347730637
Llama-3.1-8B,20,12,0.1142578125,0.11501418426632881,0.2292719967663288
Llama-3.1-8B,6,20,0.083984375,0.14553754311054945,0.22952191811054945
Llama-3.1-8B,23,10,0.1220703125,0.10854749288409948,0.23061780538409948
Llama-3.1-8B,12,8,0.1240234375,0.10660559963434935,0.23062903713434935
Llama-3.1-8B,5,9,0.1142578125,0.11639153026044369,0.2306493427604437
Llama-3.1-8B,0,9,0.1171875,0.11381187289953232,0.23099937289953232
Llama-3.1-8B,9,12,0.11328125,0.11790183559060097,0.23118308559060097
Llama-3.1-8B,8,20,0.0908203125,0.14036339055746794,0.23118370305746794
Llama-3.1-8B,8,18,0.1005859375,0.13089951127767563,0.23148544877767563
Llama-3.1-8B,7,10,0.119140625,0.11247389949858189,0.2316145244985819
Llama-3.1-8B,19,8,0.123046875,0.10895175766199827,0.23199863266199827
Llama-3.1-8B,4,9,0.115234375,0.11705780774354935,0.23229218274354935
Llama-3.1-8B,6,13,0.1103515625,0.12228908762335777,0.23264065012335777
Llama-3.1-8B,12,10,0.1240234375,0.1088213762268424,0.2328448137268424
Llama-3.1-8B,3,13,0.1123046875,0.12059873528778553,0.23290342278778553
Llama-3.1-8B,4,10,0.123046875,0.1103969607502222,0.2334438357502222
Llama-3.1-8B,13,10,0.12109375,0.11343577783554792,0.23452952783554792
Llama-3.1-8B,11,19,0.1064453125,0.12819399032741785,0.23463930282741785
Llama-3.1-8B,0,12,0.1171875,0.11808433942496777,0.23527183942496777
Llama-3.1-8B,11,10,0.1142578125,0.12127393297851086,0.23553174547851086
Llama-3.1-8B,6,14,0.111328125,0.12433237489312887,0.23566049989312887
Llama-3.1-8B,23,21,0.11328125,0.12246597278863192,0.23574722278863192
Llama-3.1-8B,16,10,0.12109375,0.1149407783523202,0.2360345283523202
Llama-3.1-8B,3,7,0.1083984375,0.1276397369801998,0.2360381744801998
Llama-3.1-8B,20,10,0.123046875,0.1132765831425786,0.2363234581425786
Llama-3.1-8B,26,21,0.11328125,0.12336636614054441,0.23664761614054441
Llama-3.1-8B,4,18,0.10546875,0.13127992022782564,0.23674867022782564
Llama-3.1-8B,5,19,0.109375,0.1276565482839942,0.2370315482839942
Llama-3.1-8B,13,12,0.119140625,0.11830917093902826,0.23744979593902826
Llama-3.1-8B,19,12,0.115234375,0.12235372420400381,0.2375880992040038
Llama-3.1-8B,13,21,0.1044921875,0.13312986679375172,0.23762205429375172
Llama-3.1-8B,7,12,0.1220703125,0.11565080657601357,0.23772111907601357
Llama-3.1-8B,17,29,0.1259765625,0.11253120470792055,0.23850776720792055
Llama-3.1-8B,5,10,0.12890625,0.10996837168931961,0.2388746216893196
Llama-3.1-8B,4,17,0.109375,0.12964301370084286,0.23901801370084286
Llama-3.1-8B,7,18,0.111328125,0.12771739903837442,0.23904552403837442
Llama-3.1-8B,22,20,0.10546875,0.13381469994783401,0.23928344994783401
Llama-3.1-8B,5,12,0.1220703125,0.11747640278190374,0.23954671528190374
Llama-3.1-8B,22,10,0.12890625,0.11089881509542465,0.23980506509542465
Llama-3.1-8B,14,21,0.109375,0.13053379021584988,0.23990879021584988
Llama-3.1-8B,3,16,0.0966796875,0.14349691476672888,0.24017660226672888
Llama-3.1-8B,25,8,0.1298828125,0.11037669517099857,0.24025950767099857
Llama-3.1-8B,8,7,0.111328125,0.12906254269182682,0.24039066769182682
Llama-3.1-8B,23,9,0.1240234375,0.11652753408998251,0.2405509715899825
Llama-3.1-8B,7,13,0.1103515625,0.13032872788608074,0.24068029038608074
Llama-3.1-8B,24,20,0.109375,0.13137176353484392,0.24074676353484392
Llama-3.1-8B,16,21,0.09765625,0.1440225038677454,0.2416787538677454
Llama-3.1-8B,28,24,0.099609375,0.14218165166676044,0.24179102666676044
Llama-3.1-8B,12,20,0.095703125,0.14663043897598982,0.24233356397598982
Llama-3.1-8B,23,12,0.1201171875,0.1223223302513361,0.2424395177513361
Llama-3.1-8B,7,14,0.111328125,0.13133976608514786,0.24266789108514786
Llama-3.1-8B,11,20,0.1044921875,0.13878765422850847,0.24327984172850847
Llama-3.1-8B,17,8,0.1259765625,0.11730425991117954,0.24328082241117954
Llama-3.1-8B,23,19,0.1171875,0.1264753807336092,0.2436628807336092
Llama-3.1-8B,26,8,0.12890625,0.11481294129043818,0.24371919129043818
Llama-3.1-8B,12,19,0.1162109375,0.12771867122501135,0.24392960872501135
Llama-3.1-8B,5,8,0.1259765625,0.11811922490596771,0.2440957874059677
Llama-3.1-8B,18,21,0.107421875,0.13786254916340113,0.24528442416340113
Llama-3.1-8B,29,12,0.0908203125,0.15452826209366322,0.24534857459366322
Llama-3.1-8B,28,23,0.1025390625,0.1428916146978736,0.2454306771978736
Llama-3.1-8B,2,16,0.1044921875,0.14213299751281738,0.24662518501281738
Llama-3.1-8B,18,22,0.1083984375,0.13847280014306307,0.24687123764306307
Llama-3.1-8B,8,10,0.130859375,0.11603066325187683,0.24689003825187683
Llama-3.1-8B,2,13,0.1201171875,0.1268094964325428,0.2469266839325428
Llama-3.1-8B,1,18,0.11328125,0.13372066617012024,0.24700191617012024
Llama-3.1-8B,1,16,0.0947265625,0.15258544962853193,0.24731201212853193
Llama-3.1-8B,3,17,0.109375,0.13794835563749075,0.24732335563749075
Llama-3.1-8B,5,18,0.1181640625,0.12934047915041447,0.24750454165041447
Llama-3.1-8B,4,16,0.109375,0.13858470413833857,0.24795970413833857
Llama-3.1-8B,14,8,0.1337890625,0.1143200108781457,0.2481090733781457
Llama-3.1-8B,18,13,0.1201171875,0.12799928151071072,0.24811646901071072
Llama-3.1-8B,23,8,0.125,0.12344385962933302,0.24844385962933302
Llama-3.1-8B,9,18,0.111328125,0.13713974878191948,0.24846787378191948
Llama-3.1-8B,0,20,0.111328125,0.13727107923477888,0.24859920423477888
Llama-3.1-8B,25,20,0.099609375,0.14917093329131603,0.24878030829131603
Llama-3.1-8B,24,10,0.134765625,0.1142196524888277,0.2489852774888277
Llama-3.1-8B,20,9,0.1279296875,0.12144554685801268,0.24937523435801268
Llama-3.1-8B,21,10,0.134765625,0.11468376405537128,0.24944938905537128
Llama-3.1-8B,2,17,0.1162109375,0.1333191692829132,0.2495301067829132
Llama-3.1-8B,23,18,0.123046875,0.12666455190628767,0.24971142690628767
Llama-3.1-8B,22,18,0.1162109375,0.1335607124492526,0.2497716499492526
Llama-3.1-8B,22,19,0.1181640625,0.13180589210242033,0.24996995460242033
Llama-3.1-8B,1,14,0.123046875,0.1270752800628543,0.2501221550628543
Llama-3.1-8B,2,11,0.1357421875,0.1146337278187275,0.2503759153187275
Llama-3.1-8B,23,16,0.1025390625,0.1480014631524682,0.2505405256524682
Llama-3.1-8B,15,8,0.1396484375,0.11103897914290428,0.2506874166429043
Llama-3.1-8B,19,22,0.1123046875,0.1384592205286026,0.2507639080286026
Llama-3.1-8B,5,17,0.1171875,0.13358855247497559,0.2507760524749756
Llama-3.1-8B,19,9,0.1298828125,0.12092614267021418,0.2508089551702142
Llama-3.1-8B,2,7,0.1162109375,0.1347821233794093,0.2509930608794093
Llama-3.1-8B,25,29,0.12109375,0.12993457168340683,0.25102832168340683
Llama-3.1-8B,18,9,0.1259765625,0.12536231335252523,0.25133887585252523
Llama-3.1-8B,23,13,0.1220703125,0.1295186895877123,0.2515890020877123
Llama-3.1-8B,4,14,0.125,0.12675565015524626,0.25175565015524626
Llama-3.1-8B,16,8,0.1337890625,0.11811867170035839,0.2519077342003584
Llama-3.1-8B,5,13,0.1181640625,0.13384347688406706,0.25200753938406706
Llama-3.1-8B,13,9,0.12890625,0.12362884171307087,0.25253509171307087
Llama-3.1-8B,18,29,0.1357421875,0.1174017135053873,0.2531439010053873
Llama-3.1-8B,17,21,0.125,0.12851956114172935,0.25351956114172935
Llama-3.1-8B,5,16,0.103515625,0.15013291966170073,0.2536485446617007
Llama-3.1-8B,9,11,0.1259765625,0.12788876984268427,0.25386533234268427
Llama-3.1-8B,10,20,0.1123046875,0.14179165847599506,0.25409634597599506
Llama-3.1-8B,12,9,0.130859375,0.12405273132026196,0.25491210632026196
Llama-3.1-8B,4,13,0.1220703125,0.13293887581676245,0.25500918831676245
Llama-3.1-8B,7,16,0.099609375,0.1561250863596797,0.2557344613596797
Llama-3.1-8B,21,19,0.111328125,0.14448430109769106,0.25581242609769106
Llama-3.1-8B,25,10,0.140625,0.1153813973069191,0.2560063973069191
Llama-3.1-8B,25,12,0.1376953125,0.11835808027535677,0.25605339277535677
Llama-3.1-8B,6,11,0.1328125,0.12335887458175421,0.2561713745817542
Llama-3.1-8B,19,10,0.1357421875,0.12046124413609505,0.25620343163609505
Llama-3.1-8B,19,14,0.12109375,0.1353750340640545,0.2564687840640545
Llama-3.1-8B,4,11,0.1328125,0.12446777615696192,0.2572802761569619
Llama-3.1-8B,15,13,0.1240234375,0.1333242990076542,0.2573477365076542
Llama-3.1-8B,7,11,0.1337890625,0.12394351325929165,0.25773257575929165
Llama-3.1-8B,24,29,0.1298828125,0.1279278052970767,0.2578106177970767
Llama-3.1-8B,1,17,0.1181640625,0.13965072017163038,0.2578147826716304
Llama-3.1-8B,3,15,0.1181640625,0.1398224290460348,0.2579864915460348
Llama-3.1-8B,27,29,0.130859375,0.12729283422231674,0.25815220922231674
Llama-3.1-8B,10,7,0.1240234375,0.13487965427339077,0.25890309177339077
Llama-3.1-8B,15,22,0.119140625,0.14002391789108515,0.25916454289108515
Llama-3.1-8B,22,12,0.1376953125,0.12153762951493263,0.25923294201493263
Llama-3.1-8B,11,7,0.1240234375,0.13536942284554243,0.25939286034554243
Llama-3.1-8B,26,19,0.1171875,0.1423405520617962,0.2595280520617962
Llama-3.1-8B,0,11,0.1337890625,0.12574661150574684,0.25953567400574684
Llama-3.1-8B,0,19,0.1240234375,0.13562012650072575,0.25964356400072575
Llama-3.1-8B,21,12,0.138671875,0.12133668642491102,0.260008561424911
Llama-3.1-8B,6,17,0.1171875,0.14311201311647892,0.2602995131164789
Llama-3.1-8B,17,22,0.1201171875,0.1409415490925312,0.2610587365925312
Llama-3.1-8B,24,12,0.1357421875,0.12574667762964964,0.26148886512964964
Llama-3.1-8B,16,20,0.109375,0.15231622755527496,0.26169122755527496
Llama-3.1-8B,27,21,0.119140625,0.14392685517668724,0.26306748017668724
Llama-3.1-8B,8,17,0.1220703125,0.14129321835935116,0.26336353085935116
Llama-3.1-8B,26,9,0.1337890625,0.12963328789919615,0.26342235039919615
Llama-3.1-8B,3,2,0.1201171875,0.14332181960344315,0.26343900710344315
Llama-3.1-8B,3,14,0.1337890625,0.1297808149829507,0.2635698774829507
Llama-3.1-8B,11,18,0.1240234375,0.13975304178893566,0.26377647928893566
Llama-3.1-8B,18,10,0.1435546875,0.12036260263994336,0.26391729013994336
Llama-3.1-8B,0,13,0.126953125,0.13704046607017517,0.26399359107017517
Llama-3.1-8B,3,11,0.142578125,0.12155658192932606,0.26413470692932606
Llama-3.1-8B,14,12,0.13671875,0.12807487789541483,0.26479362789541483
Llama-3.1-8B,16,9,0.138671875,0.12620982062071562,0.2648816956207156
Llama-3.1-8B,0,18,0.1298828125,0.13529532309621572,0.2651781355962157
Llama-3.1-8B,26,12,0.1396484375,0.12575664836913347,0.2654050858691335
Llama-3.1-8B,22,11,0.1435546875,0.1223744722083211,0.2659291597083211
Llama-3.1-8B,27,12,0.138671875,0.1276870658621192,0.2663589408621192
Llama-3.1-8B,22,9,0.1328125,0.13375107385218143,0.26656357385218143
Llama-3.1-8B,0,7,0.130859375,0.13654122967272997,0.26740060467272997
Llama-3.1-8B,26,20,0.1162109375,0.15122917480766773,0.26744011230766773
Llama-3.1-8B,22,21,0.123046875,0.14511281717568636,0.26815969217568636
Llama-3.1-8B,10,19,0.130859375,0.13745564874261618,0.2683150237426162
Llama-3.1-8B,15,10,0.1435546875,0.1248113326728344,0.2683660201728344
Llama-3.1-8B,3,4,0.1162109375,0.1530648237094283,0.2692757612094283
Llama-3.1-8B,25,19,0.1298828125,0.14085420779883862,0.2707370202988386
Llama-3.1-8B,23,11,0.14453125,0.12633602041751146,0.27086727041751146
Llama-3.1-8B,24,21,0.12890625,0.14197183214128017,0.2708780821412802
Llama-3.1-8B,11,12,0.1298828125,0.14121999964118004,0.27110281214118004
Llama-3.1-8B,23,29,0.1416015625,0.12957444414496422,0.2711760066449642
Llama-3.1-8B,24,19,0.1328125,0.13840090297162533,0.27121340297162533
Llama-3.1-8B,6,15,0.1220703125,0.1494928216561675,0.2715631341561675
Llama-3.1-8B,8,16,0.111328125,0.1603817157447338,0.2717098407447338
Llama-3.1-8B,13,11,0.1494140625,0.12235951889306307,0.27177358139306307
Llama-3.1-8B,29,9,0.1142578125,0.15780774783343077,0.27206556033343077
Llama-3.1-8B,10,18,0.1259765625,0.14633965399116278,0.2723162164911628
Llama-3.1-8B,10,14,0.126953125,0.1454212535172701,0.2723743785172701
Llama-3.1-8B,21,9,0.138671875,0.1337141441181302,0.2723860191181302
Llama-3.1-8B,20,16,0.1103515625,0.16206621658056974,0.27241777908056974
Llama-3.1-8B,29,10,0.1220703125,0.1504343720152974,0.2725046845152974
Llama-3.1-8B,23,7,0.1318359375,0.14079884625971317,0.2726347837597132
Llama-3.1-8B,2,15,0.130859375,0.1418504100292921,0.2727097850292921
Llama-3.1-8B,18,20,0.1171875,0.15574833191931248,0.2729358319193125
Llama-3.1-8B,5,14,0.134765625,0.13818682543933392,0.2729524504393339
Llama-3.1-8B,9,8,0.13671875,0.1365036042407155,0.2732223542407155
Llama-3.1-8B,9,17,0.1240234375,0.14932027459144592,0.2733437120914459
Llama-3.1-8B,1,11,0.146484375,0.12695698905736208,0.2734413640573621
Llama-3.1-8B,17,12,0.1494140625,0.12413215264678001,0.27354621514678
Llama-3.1-8B,0,16,0.1220703125,0.1515835803002119,0.2736538928002119
Llama-3.1-8B,27,8,0.1494140625,0.12462805584073067,0.27404211834073067
Llama-3.1-8B,9,13,0.1318359375,0.14234264753758907,0.2741785850375891
Llama-3.1-8B,8,13,0.13671875,0.13790883496403694,0.27462758496403694
Llama-3.1-8B,18,16,0.1171875,0.15746582299470901,0.274653322994709
Llama-3.1-8B,20,29,0.138671875,0.13601597491651773,0.27468784991651773
Llama-3.1-8B,21,18,0.1240234375,0.1507083047181368,0.2747317422181368
Llama-3.1-8B,8,14,0.1357421875,0.13929271046072245,0.27503489796072245
Llama-3.1-8B,27,22,0.1318359375,0.1435784325003624,0.2754143700003624
Llama-3.1-8B,22,29,0.1396484375,0.1358746699988842,0.2755231074988842
Llama-3.1-8B,24,9,0.1513671875,0.12493476085364819,0.2763019483536482
Llama-3.1-8B,4,3,0.1357421875,0.14067143388092518,0.2764136213809252
Llama-3.1-8B,26,10,0.1484375,0.1282400768250227,0.2766775768250227
Llama-3.1-8B,9,16,0.1181640625,0.15860594157129526,0.27677000407129526
Llama-3.1-8B,8,11,0.146484375,0.13029333017766476,0.27677770517766476
Llama-3.1-8B,24,8,0.150390625,0.1264248052611947,0.2768154302611947
Llama-3.1-8B,20,22,0.12890625,0.14797333721071482,0.2768795872107148
Llama-3.1-8B,12,14,0.12890625,0.14840653631836176,0.27731278631836176
Llama-3.1-8B,20,11,0.1484375,0.12889687716960907,0.27733437716960907
Llama-3.1-8B,21,29,0.1376953125,0.139713354408741,0.277408666908741
Llama-3.1-8B,18,11,0.150390625,0.12709091138094664,0.27748153638094664
Llama-3.1-8B,6,7,0.1328125,0.14467305596917868,0.2774855559691787
Llama-3.1-8B,29,8,0.12109375,0.15645895898342133,0.2775527089834213
Llama-3.1-8B,6,4,0.1357421875,0.14197667967528105,0.27771886717528105
Llama-3.1-8B,22,16,0.11328125,0.16450705379247665,0.27778830379247665
Llama-3.1-8B,15,21,0.1318359375,0.14606653153896332,0.2779024690389633
Llama-3.1-8B,17,14,0.140625,0.1374480500817299,0.2780730500817299
Llama-3.1-8B,30,29,0.0986328125,0.17954309657216072,0.2781759090721607
Llama-3.1-8B,1,13,0.134765625,0.14347806479781866,0.27824368979781866
Llama-3.1-8B,24,18,0.1376953125,0.14089436922222376,0.27858968172222376
Llama-3.1-8B,20,15,0.1318359375,0.14688863698393106,0.27872457448393106
Llama-3.1-8B,14,20,0.123046875,0.15579555556178093,0.27884243056178093
Llama-3.1-8B,20,13,0.1396484375,0.13987687695771456,0.27952531445771456
Llama-3.1-8B,14,19,0.125,0.15530000813305378,0.2803000081330538
Llama-3.1-8B,20,14,0.138671875,0.14169588685035706,0.28036776185035706
Llama-3.1-8B,16,11,0.1494140625,0.13119055703282356,0.28060461953282356
Llama-3.1-8B,1,15,0.130859375,0.14984359126538038,0.2807029662653804
Llama-3.1-8B,16,19,0.1318359375,0.14903462026268244,0.28087055776268244
Llama-3.1-8B,17,20,0.123046875,0.15842301864176989,0.2814698936417699
Llama-3.1-8B,2,4,0.1220703125,0.15974533930420876,0.28181565180420876
Llama-3.1-8B,10,13,0.1396484375,0.14243380725383759,0.2820822447538376
Llama-3.1-8B,13,19,0.134765625,0.14768159110099077,0.2824472161009908
Llama-3.1-8B,17,10,0.1533203125,0.12961368914693594,0.28293400164693594
Llama-3.1-8B,11,17,0.1259765625,0.1569925593212247,0.2829691218212247
Llama-3.1-8B,9,10,0.138671875,0.14467724598944187,0.28334912098944187
Llama-3.1-8B,24,7,0.142578125,0.14093318302184343,0.28351130802184343
Llama-3.1-8B,7,17,0.134765625,0.14881389681249857,0.28357952181249857
Llama-3.1-8B,4,15,0.134765625,0.14901714771986008,0.2837827727198601
Llama-3.1-8B,19,29,0.1474609375,0.13645360618829727,0.28391454368829727
Llama-3.1-8B,24,16,0.123046875,0.16098053939640522,0.2840274143964052
Llama-3.1-8B,14,10,0.1552734375,0.12903765123337507,0.2843110887333751
Llama-3.1-8B,21,20,0.119140625,0.16539017856121063,0.28453080356121063
Llama-3.1-8B,13,20,0.123046875,0.16179935820400715,0.28484623320400715
Llama-3.1-8B,25,18,0.1328125,0.15223100781440735,0.28504350781440735
Llama-3.1-8B,23,17,0.134765625,0.15064340829849243,0.28540903329849243
Llama-3.1-8B,24,17,0.1376953125,0.14795236848294735,0.28564768098294735
Llama-3.1-8B,26,18,0.123046875,0.16273714136332273,0.28578401636332273
Llama-3.1-8B,7,15,0.134765625,0.15195196866989136,0.28671759366989136
Llama-3.1-8B,17,15,0.1337890625,0.15375655330717564,0.28754561580717564
Llama-3.1-8B,25,9,0.15625,0.13158608507364988,0.2878360850736499
Llama-3.1-8B,3,5,0.1279296875,0.16006270702928305,0.28799239452928305
Llama-3.1-8B,30,8,0.1181640625,0.17030056938529015,0.28846463188529015
Llama-3.1-8B,5,11,0.1611328125,0.12741702143102884,0.28854983393102884
Llama-3.1-8B,18,14,0.140625,0.14804844744503498,0.288673447445035
Llama-3.1-8B,27,20,0.115234375,0.1734398417174816,0.2886742167174816
Llama-3.1-8B,28,21,0.123046875,0.1658761752769351,0.2889230502769351
Llama-3.1-8B,23,14,0.1435546875,0.14545244071632624,0.28900712821632624
Llama-3.1-8B,3,30,0.1220703125,0.16703513078391552,0.2891054432839155
Llama-3.1-8B,13,7,0.1416015625,0.14912521094083786,0.29072677344083786
Llama-3.1-8B,26,16,0.1201171875,0.17071462236344814,0.29083180986344814
Llama-3.1-8B,2,30,0.126953125,0.16397550981491804,0.29092863481491804
Llama-3.1-8B,28,22,0.130859375,0.1601032167673111,0.2909625917673111
Llama-3.1-8B,27,10,0.162109375,0.12893083691596985,0.29104021191596985
Llama-3.1-8B,0,17,0.1396484375,0.15154981520026922,0.2911982527002692
Llama-3.1-8B,8,9,0.140625,0.15070274099707603,0.29132774099707603
Llama-3.1-8B,28,8,0.1552734375,0.13633112981915474,0.29160456731915474
Llama-3.1-8B,24,13,0.1474609375,0.14416847191751003,0.29162940941751003
Llama-3.1-8B,11,30,0.126953125,0.1648150160908699,0.2917681410908699
Llama-3.1-8B,27,19,0.138671875,0.1535686682909727,0.2922405432909727
Llama-3.1-8B,21,16,0.1279296875,0.16484782751649618,0.2927775150164962
Llama-3.1-8B,0,4,0.1328125,0.16004278417676687,0.2928552841767669
Llama-3.1-8B,0,30,0.126953125,0.16594646498560905,0.29289958998560905
Llama-3.1-8B,12,18,0.1376953125,0.1552657699212432,0.2929610824212432
Llama-3.1-8B,28,29,0.162109375,0.1310148974880576,0.2931242724880576
Llama-3.1-8B,19,16,0.123046875,0.17008204106241465,0.29312891606241465
Llama-3.1-8B,22,14,0.1484375,0.1447266535833478,0.2931641535833478
Llama-3.1-8B,7,5,0.1337890625,0.15951832570135593,0.29330738820135593
Llama-3.1-8B,5,30,0.126953125,0.16680702101439238,0.2937601460143924
Llama-3.1-8B,21,17,0.134765625,0.15909177623689175,0.29385740123689175
Llama-3.1-8B,7,30,0.1279296875,0.16598829440772533,0.29391798190772533
Llama-3.1-8B,12,30,0.126953125,0.16701810248196125,0.29397122748196125
Llama-3.1-8B,17,9,0.1474609375,0.14666996244341135,0.29413089994341135
Llama-3.1-8B,1,30,0.1298828125,0.1644639763981104,0.2943467888981104
Llama-3.1-8B,18,15,0.13671875,0.15770485810935497,0.294423608109355
Llama-3.1-8B,8,30,0.126953125,0.1678948001936078,0.2948479251936078
Llama-3.1-8B,4,7,0.140625,0.15435481444001198,0.294979814440012
Llama-3.1-8B,23,15,0.138671875,0.15649915114045143,0.29517102614045143
Llama-3.1-8B,14,18,0.1259765625,0.16929483972489834,0.29527140222489834
Llama-3.1-8B,3,6,0.126953125,0.168596550822258,0.295549675822258
Llama-3.1-8B,5,15,0.140625,0.15524674952030182,0.2958717495203018
Llama-3.1-8B,0,14,0.150390625,0.14570042584091425,0.29609105084091425
Llama-3.1-8B,24,11,0.1650390625,0.1313603250309825,0.2963993875309825
Llama-3.1-8B,28,12,0.15234375,0.14424349088221788,0.2965872408822179
Llama-3.1-8B,25,17,0.13671875,0.1602383153513074,0.2969570653513074
Llama-3.1-8B,22,17,0.142578125,0.15447294618934393,0.29705107118934393
Llama-3.1-8B,24,15,0.140625,0.15677205566316843,0.29739705566316843
Llama-3.1-8B,21,14,0.1484375,0.14896387048065662,0.2974013704806566
Llama-3.1-8B,6,30,0.12890625,0.1685739252716303,0.2974801752716303
Llama-3.1-8B,11,13,0.1416015625,0.15686398185789585,0.29846554435789585
Llama-3.1-8B,30,10,0.1259765625,0.17250419687479734,0.29848075937479734
Llama-3.1-8B,2,3,0.1298828125,0.1689503062516451,0.2988331187516451
Llama-3.1-8B,5,4,0.1494140625,0.1496848938986659,0.2990989563986659
Llama-3.1-8B,4,30,0.130859375,0.1683256570249796,0.2991850320249796
Llama-3.1-8B,10,30,0.1298828125,0.1695964839309454,0.2994792964309454
Llama-3.1-8B,16,14,0.1552734375,0.14563993643969297,0.300913373939693
Llama-3.1-8B,10,16,0.12109375,0.18040044140070677,0.30149419140070677
Llama-3.1-8B,19,21,0.1357421875,0.16591656021773815,0.30165874771773815
Llama-3.1-8B,19,15,0.140625,0.16128623485565186,0.30191123485565186
Llama-3.1-8B,11,14,0.140625,0.16131194587796926,0.30193694587796926
Llama-3.1-8B,25,16,0.130859375,0.17109879292547703,0.30195816792547703
Llama-3.1-8B,26,17,0.1376953125,0.16434432659298182,0.3020396390929818
Llama-3.1-8B,6,5,0.14453125,0.15801092609763145,0.30254217609763145
Llama-3.1-8B,26,14,0.1533203125,0.14940501749515533,0.30272532999515533
Llama-3.1-8B,9,30,0.1328125,0.17088155169039965,0.30369405169039965
Llama-3.1-8B,22,7,0.1484375,0.15557289868593216,0.30401039868593216
Llama-3.1-8B,15,18,0.1337890625,0.1702280454337597,0.3040171079337597
Llama-3.1-8B,0,3,0.138671875,0.1653818003833294,0.3040536753833294
Llama-3.1-8B,28,10,0.1650390625,0.13904589507728815,0.30408495757728815
Llama-3.1-8B,17,19,0.1435546875,0.16066007502377033,0.30421476252377033
Llama-3.1-8B,16,7,0.15234375,0.1522171013057232,0.3045608513057232
Llama-3.1-8B,25,15,0.1494140625,0.15519327484071255,0.30460733734071255
Llama-3.1-8B,14,30,0.1357421875,0.16982026305049658,0.3055624505504966
Llama-3.1-8B,7,8,0.162109375,0.1434687338769436,0.3055781088769436
Llama-3.1-8B,29,22,0.103515625,0.20271020382642746,0.30622582882642746
Llama-3.1-8B,13,30,0.13671875,0.16978591307997704,0.30650466307997704
Llama-3.1-8B,25,13,0.1513671875,0.15522020775824785,0.30658739525824785
Llama-3.1-8B,14,16,0.1337890625,0.1733714696019888,0.3071605321019888
Llama-3.1-8B,15,19,0.138671875,0.16902702674269676,0.30769890174269676
Llama-3.1-8B,20,17,0.1455078125,0.16240661684423685,0.30791442934423685
Llama-3.1-8B,24,14,0.1533203125,0.1550045870244503,0.3083248995244503
Llama-3.1-8B,26,15,0.1435546875,0.1651501264423132,0.3087048139423132
Llama-3.1-8B,5,7,0.142578125,0.1661411188542843,0.3087192438542843
Llama-3.1-8B,10,17,0.138671875,0.17006578762084246,0.30873766262084246
Llama-3.1-8B,9,15,0.1416015625,0.16752528119832277,0.3091268436983228
Llama-3.1-8B,15,14,0.154296875,0.15525260474532843,0.3095494797453284
Llama-3.1-8B,11,15,0.146484375,0.16381767950952053,0.31030205450952053
Llama-3.1-8B,20,18,0.1533203125,0.15708671603351831,0.3104070285335183
Llama-3.1-8B,11,16,0.12109375,0.1893798429518938,0.3104735929518938
Llama-3.1-8B,25,7,0.1650390625,0.1455951165407896,0.3106341790407896
Llama-3.1-8B,27,9,0.166015625,0.1447923742234707,0.3108079992234707
Llama-3.1-8B,29,19,0.1201171875,0.1907149124890566,0.3108320999890566
Llama-3.1-8B,16,18,0.154296875,0.15664293244481087,0.31093980744481087
Llama-3.1-8B,15,30,0.134765625,0.17637356556952,0.31113919056952
Llama-3.1-8B,13,18,0.1474609375,0.16399206314235926,0.31145300064235926
Llama-3.1-8B,19,13,0.1533203125,0.15821897890418768,0.3115392914041877
Llama-3.1-8B,9,14,0.1533203125,0.1582823246717453,0.3116026371717453
Llama-3.1-8B,22,15,0.1533203125,0.15858713630586863,0.3119074488058686
Llama-3.1-8B,8,15,0.1494140625,0.1626081857830286,0.3120222482830286
Llama-3.1-8B,16,30,0.130859375,0.18180985283106565,0.31266922783106565
Llama-3.1-8B,0,15,0.1513671875,0.1615750240162015,0.3129422115162015
Llama-3.1-8B,12,11,0.1650390625,0.1482003666460514,0.3132394291460514
Llama-3.1-8B,15,20,0.140625,0.1729166191071272,0.3135416191071272
Llama-3.1-8B,12,17,0.146484375,0.1671367958188057,0.3136211708188057
Llama-3.1-8B,27,17,0.1416015625,0.1721345540136099,0.3137361165136099
Llama-3.1-8B,15,9,0.1591796875,0.1553989564999938,0.3145786439999938
Llama-3.1-8B,15,17,0.1357421875,0.178971067070961,0.314713254570961
Llama-3.1-8B,21,11,0.173828125,0.14152151998132467,0.3153496449813247
Llama-3.1-8B,29,21,0.1083984375,0.20703491941094398,0.315433356910944
Llama-3.1-8B,1,7,0.14453125,0.170913802459836,0.315445052459836
Llama-3.1-8B,20,7,0.1650390625,0.15044199395924807,0.31548105645924807
Llama-3.1-8B,18,19,0.1396484375,0.1763465628027916,0.3159950003027916
Llama-3.1-8B,25,11,0.1767578125,0.1395287774503231,0.3162865899503231
Llama-3.1-8B,27,15,0.1455078125,0.1715623177587986,0.3170701302587986
Llama-3.1-8B,27,16,0.1376953125,0.18112532049417496,0.31882063299417496
Llama-3.1-8B,25,14,0.166015625,0.15348376519978046,0.31949939019978046
Llama-3.1-8B,17,13,0.1630859375,0.1566703375428915,0.3197562750428915
Llama-3.1-8B,19,11,0.1728515625,0.14710591360926628,0.3199574761092663
Llama-3.1-8B,14,15,0.1474609375,0.17266309540718794,0.32012403290718794
Llama-3.1-8B,14,9,0.1640625,0.157173790037632,0.321236290037632
Llama-3.1-8B,15,11,0.173828125,0.1476883478462696,0.3215164728462696
Llama-3.1-8B,29,28,0.095703125,0.22598767094314098,0.321690795943141
Llama-3.1-8B,10,15,0.1474609375,0.1743248999118805,0.3217858374118805
Llama-3.1-8B,20,21,0.1611328125,0.16371266543865204,0.32484547793865204
Llama-3.1-8B,27,18,0.154296875,0.1710126604884863,0.3253095354884863
Llama-3.1-8B,12,16,0.1494140625,0.17649726197123528,0.3259113244712353
Llama-3.1-8B,27,14,0.162109375,0.1643233634531498,0.3264327384531498
Llama-3.1-8B,29,18,0.1181640625,0.20866079069674015,0.32682485319674015
Llama-3.1-8B,2,6,0.146484375,0.18171051889657974,0.32819489389657974
Llama-3.1-8B,14,17,0.1455078125,0.1831167507916689,0.3286245632916689
Llama-3.1-8B,29,26,0.1201171875,0.20965811237692833,0.32977529987692833
Llama-3.1-8B,27,11,0.185546875,0.14464381523430347,0.3301906902343035
Llama-3.1-8B,12,15,0.154296875,0.17625942081212997,0.33055629581213
Llama-3.1-8B,13,17,0.154296875,0.1766197718679905,0.3309166468679905
Llama-3.1-8B,0,5,0.16015625,0.17083258461207151,0.3309888346120715
Llama-3.1-8B,30,12,0.138671875,0.1924410443753004,0.3311129193753004
Llama-3.1-8B,14,13,0.1669921875,0.16569141577929258,0.3326836032792926
Llama-3.1-8B,13,16,0.13671875,0.1964729242026806,0.3331916742026806
Llama-3.1-8B,7,6,0.1591796875,0.17589655984193087,0.33507624734193087
Llama-3.1-8B,17,30,0.14453125,0.19071093574166298,0.335242185741663
Llama-3.1-8B,19,7,0.1640625,0.17241200990974903,0.33647450990974903
Llama-3.1-8B,9,6,0.1484375,0.18865153566002846,0.33708903566002846
Llama-3.1-8B,22,13,0.1728515625,0.1643014457076788,0.3371530082076788
Llama-3.1-8B,6,3,0.1552734375,0.18239065259695053,0.33766409009695053
Llama-3.1-8B,2,5,0.1611328125,0.1779837217181921,0.3391165342181921
Llama-3.1-8B,14,7,0.169921875,0.169221768155694,0.339143643155694
Llama-3.1-8B,18,7,0.173828125,0.16626761946827173,0.34009574446827173
Llama-3.1-8B,21,13,0.17578125,0.1645196108147502,0.3403008608147502
Llama-3.1-8B,10,11,0.1787109375,0.16235646419227123,0.34106740169227123
Llama-3.1-8B,23,6,0.1630859375,0.17825054936110973,0.34133648686110973
Llama-3.1-8B,29,11,0.1591796875,0.1823380496352911,0.3415177371352911
Llama-3.1-8B,29,20,0.1162109375,0.2257344201207161,0.3419453576207161
Llama-3.1-8B,28,19,0.1630859375,0.17904097121208906,0.34212690871208906
Llama-3.1-8B,17,11,0.193359375,0.1500312415882945,0.3433906165882945
Llama-3.1-8B,21,7,0.1708984375,0.17249245196580887,0.34339088946580887
Llama-3.1-8B,26,7,0.171875,0.17171277850866318,0.3435877785086632
Llama-3.1-8B,29,14,0.142578125,0.20137093029916286,0.34394905529916286
Llama-3.1-8B,29,15,0.130859375,0.21336526982486248,0.3442246448248625
Llama-3.1-8B,28,9,0.1845703125,0.1606968892738223,0.3452672017738223
Llama-3.1-8B,21,15,0.169921875,0.17746407445520163,0.3473859494552016
Llama-3.1-8B,29,25,0.1240234375,0.2233845591545105,0.3474079966545105
Llama-3.1-8B,19,17,0.162109375,0.18578754365444183,0.34789691865444183
Llama-3.1-8B,26,11,0.1962890625,0.15177361387759447,0.34806267637759447
Llama-3.1-8B,26,13,0.1767578125,0.1716723795980215,0.3484301920980215
Llama-3.1-8B,12,13,0.1689453125,0.18054777570068836,0.34949308820068836
Llama-3.1-8B,19,20,0.1484375,0.20126541517674923,0.34970291517674923
Llama-3.1-8B,27,7,0.1826171875,0.16772983688861132,0.3503470243886113
Llama-3.1-8B,29,7,0.1572265625,0.19331621751189232,0.3505427800118923
Llama-3.1-8B,18,30,0.15625,0.19561116117984056,0.35186116117984056
Llama-3.1-8B,13,15,0.1630859375,0.18887233920395374,0.35195827670395374
Llama-3.1-8B,28,18,0.162109375,0.19078308902680874,0.35289246402680874
Llama-3.1-8B,29,17,0.1201171875,0.23286312445998192,0.3529803119599819
Llama-3.1-8B,16,15,0.1689453125,0.18406461086124182,0.3530099233612418
Llama-3.1-8B,29,24,0.1259765625,0.229392658919096,0.355369221419096
Llama-3.1-8B,14,11,0.1904296875,0.16494385618716478,0.3553735436871648
Llama-3.1-8B,19,18,0.15625,0.1992601826786995,0.3555101826786995
Llama-3.1-8B,12,7,0.1806640625,0.17616253532469273,0.3568265978246927
Llama-3.1-8B,29,16,0.1181640625,0.23877976462244987,0.3569438271224499
Llama-3.1-8B,28,14,0.17578125,0.1826927736401558,0.3584740236401558
Llama-3.1-8B,29,13,0.1513671875,0.20845604315400124,0.35982323065400124
Llama-3.1-8B,30,19,0.1318359375,0.22843302600085735,0.36026896350085735
Llama-3.1-8B,30,9,0.158203125,0.2027420923113823,0.3609452173113823
Llama-3.1-8B,28,20,0.16015625,0.20290679298341274,0.36306304298341274
Llama-3.1-8B,27,13,0.1845703125,0.179276030510664,0.363846343010664
Llama-3.1-8B,4,2,0.1748046875,0.1901957355439663,0.3650004230439663
Llama-3.1-8B,29,23,0.138671875,0.22834822721779346,0.36702010221779346
Llama-3.1-8B,0,6,0.17578125,0.19138620421290398,0.367167454212904
Llama-3.1-8B,30,11,0.162109375,0.20573431812226772,0.3678436931222677
Llama-3.1-8B,13,14,0.1826171875,0.19083941355347633,0.37345660105347633
Llama-3.1-8B,17,7,0.1923828125,0.18133579194545746,0.37371860444545746
Llama-3.1-8B,28,7,0.1953125,0.1787919607013464,0.3741044607013464
Llama-3.1-8B,18,17,0.1767578125,0.20180753618478775,0.37856534868478775
Llama-3.1-8B,16,17,0.1845703125,0.1942581720650196,0.3788284845650196
Llama-3.1-8B,4,6,0.1826171875,0.19874272122979164,0.38135990872979164
Llama-3.1-8B,17,16,0.173828125,0.20829341188073158,0.3821215368807316
Llama-3.1-8B,20,30,0.1689453125,0.21423024497926235,0.38317555747926235
Llama-3.1-8B,5,6,0.177734375,0.20752675086259842,0.3852611258625984
Llama-3.1-8B,30,7,0.1669921875,0.21910779550671577,0.3860999830067158
Llama-3.1-8B,17,18,0.1826171875,0.20449067559093237,0.38710786309093237
Llama-3.1-8B,23,5,0.19921875,0.18929223902523518,0.3885109890252352
Llama-3.1-8B,11,6,0.18359375,0.20550788007676601,0.389101630076766
Llama-3.1-8B,9,4,0.1806640625,0.20918679423630238,0.3898508567363024
Llama-3.1-8B,28,15,0.19140625,0.19883981440216303,0.39024606440216303
Llama-3.1-8B,1,5,0.177734375,0.2125204335898161,0.3902548085898161
Llama-3.1-8B,28,17,0.1875,0.2029394470155239,0.3904394470155239
Llama-3.1-8B,9,5,0.177734375,0.21577666699886322,0.3935110419988632
Llama-3.1-8B,7,4,0.1865234375,0.20712141692638397,0.39364485442638397
Llama-3.1-8B,20,6,0.2041015625,0.1920622382313013,0.3961638007313013
Llama-3.1-8B,30,18,0.1611328125,0.23572209291160107,0.39685490541160107
Llama-3.1-8B,28,11,0.21484375,0.18295086454600096,0.39779461454600096
Llama-3.1-8B,1,3,0.1904296875,0.20759703405201435,0.39802672155201435
Llama-3.1-8B,5,2,0.18359375,0.2146727293729782,0.3982664793729782
Llama-3.1-8B,19,30,0.1845703125,0.21375066600739956,0.39832097850739956
Llama-3.1-8B,20,19,0.19140625,0.20740838535130024,0.39881463535130024
Llama-3.1-8B,25,30,0.1767578125,0.2257172055542469,0.4024750180542469
Llama-3.1-8B,15,7,0.21484375,0.1877051666378975,0.4025489166378975
Llama-3.1-8B,13,6,0.1962890625,0.20742744393646717,0.40371650643646717
Llama-3.1-8B,23,4,0.2001953125,0.2043160442262888,0.4045113567262888
Llama-3.1-8B,13,4,0.1923828125,0.2137019857764244,0.4060847982764244
Llama-3.1-8B,24,6,0.2109375,0.19808168336749077,0.40901918336749077
Llama-3.1-8B,24,3,0.1982421875,0.2113895956426859,0.4096317831426859
Llama-3.1-8B,25,5,0.2041015625,0.20590373128652573,0.4100052937865257
Llama-3.1-8B,15,16,0.1748046875,0.2380927987396717,0.4128974862396717
Llama-3.1-8B,1,4,0.201171875,0.2121757920831442,0.4133476670831442
Llama-3.1-8B,23,30,0.1904296875,0.2229638397693634,0.4133935272693634
Llama-3.1-8B,8,6,0.1982421875,0.21531116589903831,0.4135533533990383
Llama-3.1-8B,25,6,0.2041015625,0.21256955340504646,0.41667111590504646
Llama-3.1-8B,27,30,0.1884765625,0.22894535586237907,0.4174219183623791
Llama-3.1-8B,13,5,0.20703125,0.21144065260887146,0.41847190260887146
Llama-3.1-8B,24,5,0.2099609375,0.2100453283637762,0.4200062658637762
Llama-3.1-8B,28,13,0.2060546875,0.21456240117549896,0.42061708867549896
Llama-3.1-8B,24,30,0.1865234375,0.23571559973061085,0.42223903723061085
Llama-3.1-8B,24,4,0.2119140625,0.21096691116690636,0.42288097366690636
Llama-3.1-8B,18,6,0.20703125,0.2163594886660576,0.4233907386660576
Llama-3.1-8B,28,30,0.1953125,0.22851411066949368,0.4238266106694937
Llama-3.1-8B,23,3,0.19921875,0.22511020489037037,0.42432895489037037
Llama-3.1-8B,30,14,0.185546875,0.2395179085433483,0.4250647835433483
Llama-3.1-8B,30,16,0.1708984375,0.25448533706367016,0.42538377456367016
Llama-3.1-8B,30,17,0.1845703125,0.24225172959268093,0.42682204209268093
Llama-3.1-8B,10,6,0.2041015625,0.22311671823263168,0.4272182807326317
Llama-3.1-8B,9,3,0.1962890625,0.2332281544804573,0.4295172169804573
Llama-3.1-8B,28,16,0.197265625,0.23231223598122597,0.42957786098122597
Llama-3.1-8B,30,15,0.181640625,0.24874346144497395,0.43038408644497395
Llama-3.1-8B,20,4,0.2080078125,0.22323062270879745,0.43123843520879745
Llama-3.1-8B,21,30,0.1962890625,0.23797608353197575,0.43426514603197575
Llama-3.1-8B,7,3,0.2021484375,0.23376043140888214,0.43590886890888214
Llama-3.1-8B,30,13,0.1875,0.24906637705862522,0.4365663770586252
Llama-3.1-8B,19,5,0.2158203125,0.2218442801386118,0.4376645926386118
Llama-3.1-8B,21,6,0.2138671875,0.22397522069513798,0.437842408195138
Llama-3.1-8B,16,6,0.2236328125,0.21756370179355145,0.44119651429355145
Llama-3.1-8B,0,2,0.22265625,0.21881222166121006,0.44146847166121006
Llama-3.1-8B,22,4,0.2158203125,0.22681708075106144,0.44263739325106144
Llama-3.1-8B,20,5,0.220703125,0.22419437393546104,0.44489749893546104
Llama-3.1-8B,16,4,0.2158203125,0.230957156047225,0.446777468547225
Llama-3.1-8B,21,4,0.21875,0.229239784181118,0.447989784181118
Llama-3.1-8B,11,5,0.224609375,0.22630783542990685,0.45091721042990685
Llama-3.1-8B,16,5,0.2197265625,0.2316544447094202,0.4513810072094202
Llama-3.1-8B,22,5,0.228515625,0.22366957180202007,0.4521851968020201
Llama-3.1-8B,22,30,0.2041015625,0.24820980615913868,0.4523113686591387
Llama-3.1-8B,10,4,0.2216796875,0.2309236079454422,0.4526032954454422
Llama-3.1-8B,19,6,0.2255859375,0.22745898365974426,0.45304492115974426
Llama-3.1-8B,1,6,0.212890625,0.2407607026398182,0.4536513276398182
Llama-3.1-8B,25,4,0.216796875,0.2400327417999506,0.4568296167999506
Llama-3.1-8B,20,3,0.21875,0.23825740814208984,0.45700740814208984
Llama-3.1-8B,1,2,0.228515625,0.22985929995775223,0.45837492495775223
Llama-3.1-8B,13,3,0.2099609375,0.24895945936441422,0.4589203968644142
Llama-3.1-8B,8,5,0.2294921875,0.22955679707229137,0.4590489845722914
Llama-3.1-8B,10,3,0.21875,0.24139948561787605,0.46014948561787605
Llama-3.1-8B,26,30,0.2119140625,0.24864798970520496,0.46056205220520496
Llama-3.1-8B,21,5,0.2255859375,0.23572728224098682,0.4613132197409868
Llama-3.1-8B,26,6,0.236328125,0.2279340848326683,0.4642622098326683
Llama-3.1-8B,10,5,0.228515625,0.2373264543712139,0.4658420793712139
Llama-3.1-8B,30,20,0.1767578125,0.28953282348811626,0.46629063598811626
Llama-3.1-8B,18,3,0.2236328125,0.2426906879991293,0.4663235004991293
Llama-3.1-8B,22,6,0.232421875,0.2340277135372162,0.4664495885372162
Llama-3.1-8B,14,6,0.234375,0.23295794054865837,0.46733294054865837
Llama-3.1-8B,29,5,0.2041015625,0.26472800225019455,0.46882956475019455
Llama-3.1-8B,26,5,0.2294921875,0.2435251884162426,0.4730173759162426
Llama-3.1-8B,18,4,0.248046875,0.227515721693635,0.475562596693635
Llama-3.1-8B,29,4,0.2060546875,0.27171957679092884,0.47777426429092884
Llama-3.1-8B,27,4,0.2421875,0.23730497248470783,0.47949247248470783
Llama-3.1-8B,14,5,0.2353515625,0.24653558060526848,0.4818871431052685
Llama-3.1-8B,26,4,0.234375,0.24916022084653378,0.4835352208465338
Llama-3.1-8B,11,4,0.240234375,0.24339714832603931,0.4836315233260393
Llama-3.1-8B,19,4,0.248046875,0.2356199249625206,0.4836667999625206
Llama-3.1-8B,29,27,0.1904296875,0.29697541147470474,0.48740509897470474
Llama-3.1-8B,16,3,0.2353515625,0.2549010217189789,0.4902525842189789
Llama-3.1-8B,27,5,0.2568359375,0.24029664136469364,0.49713257886469364
Llama-3.1-8B,18,5,0.25390625,0.2440064176917076,0.4979126676917076
Llama-3.1-8B,4,5,0.244140625,0.25433736108243465,0.49847798608243465
Llama-3.1-8B,12,5,0.2529296875,0.2463402096182108,0.4992698971182108
Llama-3.1-8B,14,4,0.248046875,0.2562526296824217,0.5042995046824217
Llama-3.1-8B,27,6,0.2626953125,0.2448423858731985,0.5075376983731985
Llama-3.1-8B,17,6,0.2685546875,0.25010197050869465,0.5186566580086946
Llama-3.1-8B,12,4,0.2607421875,0.2611079979687929,0.5218501854687929
Llama-3.1-8B,15,5,0.2734375,0.2544175796210766,0.5278550796210766
Llama-3.1-8B,17,5,0.267578125,0.26105261594057083,0.5286307409405708
Llama-3.1-8B,25,3,0.2578125,0.2725914344191551,0.5304039344191551
Llama-3.1-8B,12,6,0.2666015625,0.2640730068087578,0.5306745693087578
Llama-3.1-8B,29,6,0.2490234375,0.2822179552167654,0.5312413927167654
Llama-3.1-8B,30,6,0.23828125,0.2944548483937979,0.5327360983937979
Llama-3.1-8B,17,4,0.2626953125,0.27126101590692997,0.53395632840693
Llama-3.1-8B,22,3,0.263671875,0.2742711715400219,0.5379430465400219
Llama-3.1-8B,6,2,0.2568359375,0.28548775613307953,0.5423236936330795
Llama-3.1-8B,29,3,0.2353515625,0.30944420769810677,0.5447957701981068
Llama-3.1-8B,26,3,0.275390625,0.27338006161153316,0.5487706866115332
Llama-3.1-8B,30,5,0.2470703125,0.3033408559858799,0.5504111684858799
Llama-3.1-8B,12,3,0.26171875,0.29131620936095715,0.5530349593609571
Llama-3.1-8B,31,10,0.2509765625,0.3021166529506445,0.5530932154506445
Llama-3.1-8B,15,4,0.27734375,0.27621371299028397,0.553557462990284
Llama-3.1-8B,30,21,0.2255859375,0.3301241807639599,0.5557101182639599
Llama-3.1-8B,19,3,0.26953125,0.2862798534333706,0.5558111034333706
Llama-3.1-8B,27,3,0.275390625,0.2828235160559416,0.5582141410559416
Llama-3.1-8B,28,6,0.287109375,0.2734365686774254,0.5605459436774254
Llama-3.1-8B,30,4,0.2529296875,0.31177029199898243,0.5646999794989824
Llama-3.1-8B,15,6,0.2958984375,0.2708907835185528,0.5667892210185528
Llama-3.1-8B,30,28,0.24609375,0.3221096880733967,0.5682034380733967
Llama-3.1-8B,11,3,0.2724609375,0.2962255794554949,0.5686865169554949
Llama-3.1-8B,21,3,0.2783203125,0.2914506867527962,0.5697709992527962
Llama-3.1-8B,28,5,0.2861328125,0.2849707864224911,0.5711035989224911
Llama-3.1-8B,8,3,0.26953125,0.3069584034383297,0.5764896534383297
Llama-3.1-8B,17,3,0.279296875,0.3061371147632599,0.5854339897632599
Llama-3.1-8B,28,4,0.3017578125,0.2948096767067909,0.5965674892067909
Llama-3.1-8B,15,3,0.29296875,0.3099953103810549,0.6029640603810549
Llama-3.1-8B,8,4,0.3134765625,0.3050565794110298,0.6185331419110298
Llama-3.1-8B,28,3,0.3125,0.32500673830509186,0.6375067383050919
Llama-3.1-8B,29,30,0.306640625,0.3423998299986124,0.6490404549986124
Llama-3.1-8B,31,9,0.28125,0.3686468377709389,0.6498968377709389
Llama-3.1-8B,14,3,0.3212890625,0.34504180774092674,0.6663308702409267
Llama-3.1-8B,9,2,0.333984375,0.35591188818216324,0.6898962631821632
Llama-3.1-8B,7,2,0.34375,0.35641174763441086,0.7001617476344109
Llama-3.1-8B,30,3,0.3447265625,0.3597063459455967,0.7044329084455967
Llama-3.1-8B,31,8,0.3154296875,0.39011746644973755,0.7055471539497375
Llama-3.1-8B,31,11,0.3330078125,0.3822997361421585,0.7153075486421585
Llama-3.1-8B,30,25,0.337890625,0.443089846521616,0.780980471521616
Llama-3.1-8B,31,7,0.361328125,0.42036814242601395,0.781696267426014
Llama-3.1-8B,30,22,0.3427734375,0.4659334532916546,0.8087068907916546
Llama-3.1-8B,30,26,0.34765625,0.4691118262708187,0.8167680762708187
Llama-3.1-8B,11,2,0.4052734375,0.4221598468720913,0.8274332843720913
Llama-3.1-8B,31,12,0.3779296875,0.461578868329525,0.839508555829525
Llama-3.1-8B,23,2,0.4189453125,0.4324081465601921,0.8513534590601921
Llama-3.1-8B,24,2,0.421875,0.4405259005725384,0.8624009005725384
Llama-3.1-8B,13,2,0.4169921875,0.4487624578177929,0.8657546453177929
Llama-3.1-8B,12,2,0.419921875,0.46186669915914536,0.8817885741591454
Llama-3.1-8B,16,2,0.44140625,0.4416820965707302,0.8830883465707302
Llama-3.1-8B,20,2,0.4375,0.4539552181959152,0.8914552181959152
Llama-3.1-8B,8,2,0.4326171875,0.46088969707489014,0.8935068845748901
Llama-3.1-8B,14,2,0.453125,0.4713146574795246,0.9244396574795246
Llama-3.1-8B,30,24,0.3955078125,0.5331482142210007,0.9286560267210007
Llama-3.1-8B,10,2,0.458984375,0.4754103533923626,0.9343947283923626
Llama-3.1-8B,25,2,0.4541015625,0.4817833863198757,0.9358849488198757
Llama-3.1-8B,1,31,0.4365234375,0.5093484297394753,0.9458718672394753
Llama-3.1-8B,3,31,0.4345703125,0.513379093259573,0.947949405759573
Llama-3.1-8B,2,31,0.439453125,0.5097613744437695,0.9492144994437695
Llama-3.1-8B,31,17,0.423828125,0.5258133597671986,0.9496414847671986
Llama-3.1-8B,30,27,0.416015625,0.5342797115445137,0.9502953365445137
Llama-3.1-8B,18,2,0.470703125,0.4819425903260708,0.9526457153260708
Llama-3.1-8B,6,31,0.439453125,0.5137163363397121,0.9531694613397121
Llama-3.1-8B,16,31,0.439453125,0.5139424726366997,0.9533955976366997
Llama-3.1-8B,31,13,0.4501953125,0.5039614662528038,0.9541567787528038
Llama-3.1-8B,31,18,0.4296875,0.5244913063943386,0.9541788063943386
Llama-3.1-8B,13,31,0.44140625,0.5166796296834946,0.9580858796834946
Llama-3.1-8B,5,31,0.4462890625,0.5139487385749817,0.9602378010749817
Llama-3.1-8B,0,31,0.447265625,0.5190049856901169,0.9662706106901169
Llama-3.1-8B,17,31,0.4482421875,0.518131822347641,0.966374009847641
Llama-3.1-8B,7,31,0.447265625,0.5206867679953575,0.9679523929953575
Llama-3.1-8B,12,31,0.447265625,0.5217123813927174,0.9689780063927174
Llama-3.1-8B,19,31,0.453125,0.5165440812706947,0.9696690812706947
Llama-3.1-8B,10,31,0.4482421875,0.5227221474051476,0.9709643349051476
Llama-3.1-8B,30,23,0.4189453125,0.5528787933290005,0.9718241058290005
Llama-3.1-8B,4,31,0.4541015625,0.5179573744535446,0.9720589369535446
Llama-3.1-8B,21,31,0.4541015625,0.5209166668355465,0.9750182293355465
Llama-3.1-8B,11,31,0.4521484375,0.5230535268783569,0.9752019643783569
Llama-3.1-8B,8,31,0.451171875,0.5247114710509777,0.9758833460509777
Llama-3.1-8B,22,31,0.451171875,0.5257102064788342,0.9768820814788342
Llama-3.1-8B,14,31,0.453125,0.5239629484713078,0.9770879484713078
Llama-3.1-8B,9,31,0.4541015625,0.5243298672139645,0.9784314297139645
Llama-3.1-8B,31,16,0.4345703125,0.5453111678361893,0.9798814803361893
Llama-3.1-8B,15,31,0.453125,0.5292941853404045,0.9824191853404045
Llama-3.1-8B,18,31,0.4599609375,0.5238535515964031,0.9838144890964031
Llama-3.1-8B,19,2,0.48046875,0.5056861825287342,0.9861549325287342
Llama-3.1-8B,20,31,0.4609375,0.533678438514471,0.994615938514471
Llama-3.1-8B,15,2,0.478515625,0.5161754563450813,0.9946910813450813
Llama-3.1-8B,17,2,0.4775390625,0.5221541784703732,0.9996932409703732
Llama-3.1-8B,23,31,0.4716796875,0.533129196614027,1.004808884114027
Llama-3.1-8B,21,2,0.4912109375,0.5191910341382027,1.0104019716382027
Llama-3.1-8B,31,3,0.484375,0.5345251634716988,1.0189001634716988
Llama-3.1-8B,24,31,0.4736328125,0.5490581430494785,1.0226909555494785
Llama-3.1-8B,31,5,0.4833984375,0.5448893010616302,1.0282877385616302
Llama-3.1-8B,22,2,0.51171875,0.5283565893769264,1.0400753393769264
Llama-3.1-8B,31,19,0.4697265625,0.5738857500255108,1.0436123125255108
Llama-3.1-8B,25,31,0.4921875,0.5595740489661694,1.0517615489661694
Llama-3.1-8B,31,15,0.4833984375,0.5699879601597786,1.0533863976597786
Llama-3.1-8B,31,4,0.5,0.5603590458631516,1.0603590458631516
Llama-3.1-8B,31,6,0.5,0.5815620869398117,1.0815620869398117
Llama-3.1-8B,26,2,0.5302734375,0.552360188215971,1.082633625715971
Llama-3.1-8B,28,31,0.517578125,0.5961418449878693,1.1137199699878693
Llama-3.1-8B,29,31,0.5185546875,0.6029229462146759,1.121477633714676
Llama-3.1-8B,30,31,0.5546875,0.581254169344902,1.135941669344902
Llama-3.1-8B,27,2,0.5634765625,0.5908993557095528,1.1543759182095528
Llama-3.1-8B,26,31,0.5419921875,0.6146816685795784,1.1566738560795784
Llama-3.1-8B,31,14,0.5419921875,0.6221202611923218,1.1641124486923218
Llama-3.1-8B,29,2,0.564453125,0.6127330921590328,1.1771862171590328
Llama-3.1-8B,27,31,0.57421875,0.65169508010149,1.22591383010149
Llama-3.1-8B,28,2,0.6259765625,0.6367414072155952,1.2627179697155952
Llama-3.1-8B,31,20,0.58984375,0.6886793151497841,1.278523065149784
Llama-3.1-8B,30,2,0.6201171875,0.6708292737603188,1.2909464612603188
Llama-3.1-8B,31,21,0.7626953125,0.863520585000515,1.626215897500515
Llama-3.1-8B,31,2,1.052734375,1.09865403175354,2.15138840675354
Llama-3.1-8B,31,22,1.130859375,1.2243542894721031,2.355213664472103
Llama-3.1-8B,31,23,1.38671875,1.4736381769180298,2.86035692691803
Llama-3.1-8B,31,24,1.591796875,1.6918043494224548,3.283601224422455
Llama-3.1-8B,1,0,1.947265625,2.0355317145586014,3.9827973395586014
Llama-3.1-8B,31,25,1.998046875,2.0958405286073685,4.0938874036073685
Llama-3.1-8B,31,30,2.392578125,2.468989223241806,4.861567348241806
Llama-3.1-8B,2,0,2.443359375,2.545556217432022,4.988915592432022
Llama-3.1-8B,31,26,2.603515625,2.7246841490268707,5.328199774026871
Llama-3.1-8B,3,0,2.880859375,2.975502610206604,5.856361985206604
Llama-3.1-8B,4,0,2.986328125,3.072352424263954,6.058680549263954
Llama-3.1-8B,5,0,3.064453125,3.1680095940828323,6.232462719082832
Llama-3.1-8B,8,0,3.08203125,3.162987858057022,6.245019108057022
Llama-3.1-8B,12,0,3.087890625,3.164904475212097,6.252795100212097
Llama-3.1-8B,9,0,3.146484375,3.2313951402902603,6.37787951529026
Llama-3.1-8B,6,0,3.1484375,3.240833431482315,6.389270931482315
Llama-3.1-8B,24,0,3.14453125,3.254949450492859,6.399480700492859
Llama-3.1-8B,25,0,3.166015625,3.267805814743042,6.433821439743042
Llama-3.1-8B,20,0,3.166015625,3.274266391992569,6.440282016992569
Llama-3.1-8B,21,0,3.169921875,3.2722167372703552,6.442138612270355
Llama-3.1-8B,23,0,3.2109375,3.320170044898987,6.531107544898987
Llama-3.1-8B,10,0,3.2265625,3.311450257897377,6.538012757897377
Llama-3.1-8B,7,0,3.228515625,3.3124407827854156,6.540956407785416
Llama-3.1-8B,27,0,3.228515625,3.3254434913396835,6.5539591163396835
Llama-3.1-8B,26,0,3.23828125,3.3286624550819397,6.56694370508194
Llama-3.1-8B,31,27,3.234375,3.360997796058655,6.595372796058655
Llama-3.1-8B,13,0,3.267578125,3.3669736981391907,6.634551823139191
Llama-3.1-8B,29,0,3.283203125,3.3779367208480835,6.6611398458480835
Llama-3.1-8B,22,0,3.302734375,3.3917239606380463,6.694458335638046
Llama-3.1-8B,16,0,3.349609375,3.445086896419525,6.794696271419525
Llama-3.1-8B,31,28,3.34375,3.454835891723633,6.798585891723633
Llama-3.1-8B,11,0,3.365234375,3.4468832910060883,6.812117666006088
Llama-3.1-8B,19,0,3.3828125,3.461349219083786,6.844161719083786
Llama-3.1-8B,18,0,3.3828125,3.4772916734218597,6.86010417342186
Llama-3.1-8B,14,0,3.404296875,3.479704052209854,6.884000927209854
Llama-3.1-8B,17,0,3.4296875,3.5141522586345673,6.943839758634567
Llama-3.1-8B,28,0,3.48828125,3.5843379497528076,7.072619199752808
Llama-3.1-8B,31,29,3.484375,3.5957185328006744,7.080093532800674
Llama-3.1-8B,30,0,3.5546875,3.6430509090423584,7.197738409042358
Llama-3.1-8B,15,0,3.6796875,3.773132085800171,7.452819585800171
Llama-3.1-8B,0,1,4.171875,4.266850858926773,8.438725858926773
Llama-3.1-8B,3,1,4.33984375,4.449000149965286,8.788843899965286
Llama-3.1-8B,31,0,4.4453125,4.566864579916,9.012177079916
Llama-3.1-8B,4,1,4.55859375,4.665142685174942,9.223736435174942
Llama-3.1-8B,31,1,4.5859375,4.662399888038635,9.248337388038635
Llama-3.1-8B,10,1,4.59375,4.674626588821411,9.268376588821411
Llama-3.1-8B,26,1,4.59375,4.677853971719742,9.271603971719742
Llama-3.1-8B,8,1,4.61328125,4.694373369216919,9.307654619216919
Llama-3.1-8B,28,1,4.62890625,4.6991062462329865,9.328012496232986
Llama-3.1-8B,12,1,4.6328125,4.696562737226486,9.329375237226486
Llama-3.1-8B,11,1,4.640625,4.7171536684036255,9.357778668403625
Llama-3.1-8B,24,1,4.66015625,4.73078790307045,9.39094415307045
Llama-3.1-8B,6,1,4.65234375,4.75101038813591,9.40335413813591
Llama-3.1-8B,2,1,4.6640625,4.742328971624374,9.406391471624374
Llama-3.1-8B,13,1,4.73828125,4.831408977508545,9.569690227508545
Llama-3.1-8B,9,1,4.74609375,4.844773352146149,9.590867102146149
Llama-3.1-8B,14,1,4.76953125,4.827347278594971,9.59687852859497
Llama-3.1-8B,7,1,4.75390625,4.853727251291275,9.607633501291275
Llama-3.1-8B,5,1,4.7578125,4.901808261871338,9.659620761871338
Llama-3.1-8B,17,1,4.80078125,4.861579537391663,9.662360787391663
Llama-3.1-8B,29,1,4.796875,4.906409323215485,9.703284323215485
Llama-3.1-8B,20,1,4.85546875,4.918969213962555,9.774437963962555
Llama-3.1-8B,16,1,4.90234375,4.95018208026886,9.85252583026886
Llama-3.1-8B,27,1,4.9296875,5.025368511676788,9.955056011676788
Llama-3.1-8B,15,1,4.9375,5.040556252002716,9.978056252002716
Llama-3.1-8B,21,1,4.96484375,5.034548044204712,9.999391794204712
Llama-3.1-8B,25,1,4.9609375,5.054889798164368,10.015827298164368
Llama-3.1-8B,22,1,4.98046875,5.090347349643707,10.070816099643707
Llama-3.1-8B,18,1,5.08203125,5.161104142665863,10.243135392665863
Llama-3.1-8B,23,1,5.07421875,5.170587837696075,10.244806587696075
Llama-3.1-8B,19,1,5.14453125,5.217587649822235,10.362118899822235
Llama-3.1-8B,30,1,5.203125,5.256261706352234,10.459386706352234
